AAHED AHEAD
AALII
AARGH
ABACA
ABACI
ABACK
ABAFT
ABAKA
ABAMP
ABASE
ABASH
ABATE
ABAYA
ABBAS BABAS
ABBES BABES
ABBEY
ABBOT
ABEAM AMEBA
ABELE
ABETS BASTE BATES BEAST BEATS BETAS TABES
ABHOR
ABIDE
ABLED BALED BLADE
ABLER BALER BLARE BLEAR
ABLES BALES BLASE SABLE
ABMHO ABOHM
ABODE ADOBE
ABOIL
ABOMA
ABOON
ABORT BOART TABOR
ABOUT
ABOVE
ABRIS SABIR
ABUSE BEAUS
ABUTS TABUS TSUBA TUBAS
ABUZZ
ABYES
ABYSM
ABYSS BASSY
ACARI
ACERB BRACE CABER
ACETA
ACHED
ACHES CHASE
ACHOO
ACIDS ASDIC CADIS CAIDS
ACIDY
ACING
ACINI
ACKEE
ACMES CAMES MACES
ACMIC
ACNED CANED DANCE
ACNES CANES SCENA
ACOCK
ACOLD
ACORN NARCO RACON
ACRED ARCED CADRE CARED CEDAR RACED
ACRES CARES CARSE ESCAR RACES SCARE SERAC
ACRID CAIRD DARIC
ACTED CADET
ACTIN ANTIC
ACTOR TAROC
ACUTE
ACYLS CLAYS SCALY
ADAGE
ADAPT
ADDAX
ADDED
ADDER DARED DREAD READD
ADDLE DEDAL LADED
ADEEM EDEMA
ADEPT PATED TAPED
ADIEU
ADIOS
ADITS DITAS STAID TSADI
ADMAN DAMAN
ADMEN AMEND MANED MENAD NAMED
ADMIT
ADMIX
ADOBO
ADOPT
ADORE OARED OREAD
ADORN ANDRO RADON
ADOWN
ADOZE
ADULT
ADUNC
ADUST DAUTS
ADYTA
ADZED DAZED
ADZES DAZES
AECIA
AEDES EASED
AEGIS
AEONS
AERIE
AFARS
AFFIX
AFIRE FERIA
AFOOT
AFORE
AFOUL
AFRIT
AFTER
AGAIN
AGAMA
AGAPE
AGARS RAGAS
AGATE
AGAVE
AGAZE
AGENE
AGENT
AGERS GEARS RAGES SAGER SARGE
AGGER EGGAR GAGER
AGGIE
AGGRO
AGHAS
AGILE
AGING
AGIOS
AGISM SIGMA
AGIST GAITS STAIG
AGITA TAIGA
AGLEE EAGLE
AGLET
AGLEY
AGLOW
AGMAS GAMAS
AGONE GENOA
AGONS
AGONY
AGORA
AGREE EAGER EAGRE RAGEE
AGRIA
AGUES USAGE
AHING
AHOLD
AHULL
AIDED
AIDER AIRED DEAIR IRADE REDIA
AIDES ASIDE IDEAS
AILED IDEAL
AIMED AMIDE MEDIA
AIMER RAMIE
AIOLI
AIRER
AIRNS NARIS RAINS RANIS SARIN
AIRTH
AIRTS ASTIR SITAR STAIR STRIA TARSI
AISLE
AITCH
AIVER
AJIVA
AJUGA
AKEES
AKELA
AKENE
ALACK
ALAMO
ALAND
ALANE
ALANG LAGAN
ALANS ANLAS NALAS NASAL
ALANT NATAL
ALARM MALAR RAMAL
ALARY
ALATE
ALBAS BAALS BALAS BALSA BASAL SABAL
ALBUM
ALCID
ALDER LADER
ALDOL ALLOD
ALECS LACES SCALE
ALEFS FALSE FLEAS LEAFS
ALEPH
ALERT ALTER ARTEL LATER RATEL TALER
ALFAS
ALGAE GALEA
ALGAL
ALGAS GALAS
ALGID
ALGIN ALIGN LIANG LIGAN LINGA
ALGOR ARGOL GORAL LARGO
ALGUM ALMUG
ALIAS
ALIBI BIALI
ALIEN ALINE ANILE ELAIN LIANE
ALIFS FAILS
ALIKE ALKIE
ALIST LITAS TAILS
ALIVE
ALIYA
ALKYD
ALKYL
ALLAY
ALLEE
ALLEY
ALLOT ATOLL
ALLOW
ALLOY LOYAL
ALLYL
ALMAH HALMA HAMAL
ALMAS LAMAS
ALMEH HEMAL
ALMES LAMES MALES MEALS
ALMUD
ALOES
ALOFT FLOAT FLOTA
ALOHA
ALOIN
ALONE ANOLE
ALONG ANGLO LOGAN
ALOOF LOOFA
ALOUD DOULA
ALPHA
ALTAR ARTAL RATAL TALAR
ALTHO LOATH LOTAH
ALTOS LOTAS TOLAS
ALULA
ALUMS LUMAS MAULS
ALWAY
AMAHS
AMAIN AMNIA ANIMA MANIA
AMASS MASAS MASSA
AMAZE
AMBER BREAM EMBAR
AMBIT
AMBLE BLAME
AMBOS SAMBO
AMBRY BARMY
AMEER RAMEE
AMENS MANES MANSE MEANS MENSA NAMES NEMAS
AMENT MEANT MENTA
AMIAS
AMICE
AMICI
AMIDO
AMIDS MAIDS
AMIES
AMIGA
AMIGO IMAGO
AMINE ANIME MINAE
AMINO AMNIO
AMINS MAINS MINAS
AMIRS MAIRS SIMAR
AMISS SIMAS
AMITY
AMMOS
AMNIC MANIC
AMOKS MAKOS
AMOLE
AMONG MANGO
AMORT
AMOUR
AMPED
AMPLE MAPLE
AMPLY PALMY
AMPUL
AMUCK
AMUSE
AMYLS
ANCHO NACHO
ANCON CANON
ANEAR ARENA
ANELE
ANENT
ANGAS SANGA
ANGEL ANGLE GLEAN
ANGER RANGE REGNA
ANGRY RANGY
ANGST GNATS STANG TANGS
ANILS NAILS SLAIN SNAIL
ANIMI
ANION
ANISE
ANKHS HANKS KHANS SHANK
ANKLE
ANKUS
ANNAL
ANNAS NAANS NANAS
ANNEX
ANNOY ANYON
ANNUL
ANOAS
ANODE
ANOMY
ANSAE
ANTAE
ANTAS
ANTED
ANTES ETNAS NATES NEATS STANE
ANTIS SAINT SATIN STAIN TAINS
ANTRA RATAN
ANTRE
ANTSY NASTY TANSY
ANVIL NIVAL VINAL
AORTA
APACE
APART
APEAK
APEEK
APERS APRES ASPER PARES PARSE PEARS PRASE PRESA RAPES REAPS SPARE SPEAR
APERY PAYER REPAY
APHID
APHIS APISH SPAHI
APIAN
APING
APNEA PAEAN
APODS DOPAS SPADO
APORT
APPAL PAPAL
APPEL APPLE PEPLA
APPLY
APRON
APSES PASES PASSE SPAES
APSIS ASPIS
APTER PATER PEART PRATE TAPER
APTLY PATLY PLATY TYPAL
AQUAE
AQUAS
ARAKS
ARAME
ARBOR
ARCUS SCAUR
ARDEB BARDE BARED BEARD BREAD DEBAR
ARDOR
AREAE
AREAL
AREAS
ARECA
AREIC CERIA ERICA
ARENE RANEE
AREPA PARAE
ARETE EATER
ARGAL GRAAL
ARGIL GLAIR GRAIL
ARGLE GLARE LAGER LARGE REGAL
ARGON GROAN ORANG ORGAN
ARGOT GATOR GROAT
ARGUE AUGER RUGAE
ARGUS GAURS GUARS SUGAR
ARHAT
ARIAS RAIAS
ARIEL
ARILS LAIRS LARIS LIARS LIRAS RAILS RIALS
ARISE RAISE SERAI
ARLES EARLS LARES LASER LEARS RALES REALS SERAL
ARMED DERMA DREAM MADRE
ARMER REARM
ARMET MATER RAMET TAMER
ARMOR
AROID RADIO
AROMA
AROSE
ARPEN
ARRAS
ARRAY
ARRIS SIRRA
ARROW
ARSES RASES SEARS
ARSIS SARIS
ARSON ROANS SONAR
ARTSY SATYR STRAY TRAYS
ARUMS MURAS RAMUS
ARVAL LARVA
ARVOS SAVOR
ARYLS
ASANA
ASCOT COAST COATS COSTA TACOS
ASCUS CASUS
ASHED DEASH HADES HEADS SADHE SHADE
ASHEN HANSE
ASHES SHEAS
ASKED
ASKER ESKAR RAKES SAKER
ASKEW WAKES WEKAS
ASKOI
ASKOS SOAKS
ASPEN NAPES NEAPS PANES PEANS SNEAP SPEAN
ASPIC PICAS SPICA
ASSAI
ASSAY
ASSES
ASSET EASTS SATES SEATS TASSE
ASTER RATES RESAT STARE TARES TEARS
ASYLA
ATAPS PASTA TAPAS
ATAXY
ATILT
ATLAS TALAS
ATMAN MANAT MANTA
ATMAS
ATOMS MOATS STOMA
ATOMY
ATONE OATEN
ATONY
ATOPY
ATRIA RAITA RIATA TIARA
ATRIP TAPIR
ATTAR TATAR
ATTIC TACIT
AUDAD
AUDIO
AUDIT
AUGHT GHAUT
AUGUR
AULIC
AUNTS TUNAS
AUNTY
AURAE
AURAL LAURA
AURAR
AURAS
AUREI URAEI
AURES URASE UREAS URSAE
AURIC CURIA
AURIS
AURUM
AUTOS
AUXIN
AVAIL
AVANT
AVAST
AVENS NAVES VANES
AVERS RAVES SAVER
AVERT TRAVE
AVGAS
AVIAN
AVION
AVISO
AVOID
AVOWS
AWAIT
AWAKE
AWARD
AWARE
AWASH
AWFUL
AWING WIGAN
AWNED DAWEN DEWAN WANED
AWOKE
AWOLS
AXELS AXLES LAXES
AXIAL
AXILE
AXILS
AXING
AXIOM
AXION
AXITE
AXLED
AXMAN
AXMEN
AXONE
AXONS
AYAHS
AYINS
AZANS
AZIDE
AZIDO DIAZO
AZINE
AZLON ZONAL
AZOIC
AZOLE ZOEAL
AZONS
AZOTE
AZOTH
AZUKI
AZURE
BAAED
BABEL
BABKA KABAB
BABOO
BABUL BUBAL
BABUS
BACCA
BACKS
BACON BANCO
BADDY
BADGE DEBAG
BADLY BALDY
BAFFS
BAFFY
BAGEL BELGA GABLE GLEBA
BAGGY
BAHTS BATHS
BAILS BASIL
BAIRN BRAIN
BAITH HABIT
BAITS
BAIZA
BAIZE
BAKED
BAKER BRAKE BREAK KEBAR
BAKES BEAKS
BALDS
BALKS
BALKY
BALLS
BALLY
BALMS BLAMS LAMBS
BALMY LAMBY
BANAL
BANDA
BANDS
BANDY
BANED
BANES BEANS NABES
BANGS
BANJO
BANKS
BANNS
BANTY
BARBE
BARBS
BARCA
BARDS BRADS DARBS DRABS
BARER BARRE REBAR
BARES BASER BEARS BRAES SABER SABRE
BARFS
BARGE
BARIC RABIC
BARKS KBARS
BARKY BRAKY
BARMS
BARNS BRANS
BARNY
BARON
BARYE YERBA
BASED BEADS SABED
BASES SABES
BASIC
BASIN NABIS SABIN
BASIS BASSI ISBAS
BASKS
BASSO SOBAS
BASTS STABS
BATCH
BATED
BATHE
BATIK
BATON
BATTS
BATTU
BATTY
BAUDS DAUBS
BAULK
BAWDS
BAWDY
BAWLS BLAWS
BAWTY
BAYED BEADY
BAYOU
BAZAR BRAZA
BAZOO
BEACH
BEAKY
BEAMS BEMAS MABES
BEAMY EMBAY MAYBE
BEANO
BEAUT TUBAE
BEAUX
BEBOP
BECAP
BECKS
BEDEL BLEED
BEDEW DWEEB
BEDIM IMBED
BEECH
BEEDI
BEEFS FEEBS
BEEFY
BEEPS
BEERS BREES
BEERY
BEETS BESET
BEFIT
BEFOG
BEGAN
BEGAT
BEGET
BEGIN BEING BINGE
BEGOT
BEGUM
BEGUN
BEIGE
BEIGY
BELAY
BELCH
BELIE
BELLE
BELLS
BELLY
BELON NOBLE
BELOW BOWEL ELBOW
BELTS BLEST BLETS
BEMIX
BENCH
BENDS
BENDY
BENES
BENNE
BENNI
BENNY
BENTO BETON
BENTS
BERET
BERGS
BERKS KERBS
BERME EMBER
BERMS
BERRY
BERTH
BERYL
BESES
BESOM
BESOT
BESTS
BETEL
BETHS
BETTA
BEVEL
BEVOR
BEWIG
BEZEL
BEZIL
BHANG
BHOOT BOOTH
BHUTS
BIALY
BIBBS
BIBLE
BICEP
BICES
BIDDY
BIDED
BIDER BRIDE REBID
BIDES
BIDET DEBIT
BIDIS
BIELD
BIERS BIRSE BRIES RIBES
BIFFS
BIFFY
BIFID
BIGGY
BIGHT
BIGLY BILGY
BIGOS BIOGS
BIGOT
BIJOU
BIKED
BIKER
BIKES KIBES
BIKIE KIBEI
BILBO
BILBY
BILES
BILGE
BILKS
BILLS
BILLY
BIMAH
BIMAS IAMBS
BIMBO
BINAL BLAIN
BINDI
BINDS
BINER BRINE
BINES
BINGO BOING
BINIT
BINTS
BIOME
BIONT
BIOTA
BIPED
BIPOD
BIRCH
BIRDS DRIBS
BIRKS BRISK
BIRLE LIBER
BIRLS
BIROS BRIOS
BIRRS
BIRTH BRITH
BISES
BISKS
BISON
BITCH
BITER TRIBE
BITES
BITSY
BITTS
BITTY
BIZES
BLABS
BLACK
BLAFF
BLAHS
BLAND
BLANK
BLAST BLATS
BLATE BLEAT TABLE
BLAWN
BLAZE
BLEAK
BLEBS
BLEEP PLEBE
BLEND
BLENT
BLESS
BLIMP
BLIMY LIMBY
BLIND
BLINI
BLINK
BLIPS
BLISS
BLITE
BLITZ
BLOAT
BLOBS
BLOCK
BLOCS
BLOGS GLOBS
BLOKE
BLOND
BLOOD
BLOOM
BLOOP
BLOTS BOLTS
BLOWN
BLOWS BOWLS
BLOWY
BLUBS BULBS
BLUED LUBED
BLUER RUBEL RUBLE
BLUES LUBES
BLUET BUTLE
BLUEY
BLUFF
BLUME UMBEL
BLUNT
BLURB
BLURS BURLS SLURB
BLURT
BLUSH BUHLS SHLUB
BLYPE
BOARD BROAD DOBRA
BOARS BORAS
BOAST BOATS BOTAS SABOT
BOBBY
BOCCE
BOCCI
BOCHE
BOCKS
BODED
BODES
BOFFO
BOFFS
BOGAN GOBAN
BOGEY
BOGGY
BOGIE
BOGLE GLOBE
BOGUS
BOHEA OBEAH
BOHOS HOBOS
BOILS
BOINK
BOITE
BOLAR BORAL LABOR LOBAR
BOLAS
BOLDS
BOLES LESBO LOBES
BOLLS
BOLOS LOBOS OBOLS
BOLUS
BOMBE
BOMBS
BONDS
BONED
BONER BORNE
BONES EBONS
BONEY EBONY
BONGO
BONGS
BONKS KNOBS
BONNE
BONNY
BONUS BOSUN
BONZE
BOOBS
BOOBY YOBBO
BOODY
BOOED
BOOGY
BOOKS KOBOS
BOOMS BOSOM
BOOMY
BOONS BOSON
BOORS BROOS
BOOST BOOTS
BOOTY
BOOZE
BOOZY
BORAX
BORED ORBED ROBED
BORER
BORES BROSE ROBES SOBER
BORIC
BORKS
BORON
BORTS
BORTY
BORTZ
BOSKS
BOSKY
BOSSY
BOTCH
BOTEL
BOTHY
BOTTS
BOUGH
BOULE
BOUND
BOURG
BOURN
BOUSE
BOUSY BUOYS
BOUTS
BOVID
BOWED
BOWER
BOWSE
BOXED
BOXER
BOXES
BOYAR
BOYLA
BOYOS
BOZOS
BRACH
BRACT
BRAGS GARBS GRABS
BRAID RABID
BRAIL LIBRA
BRAND
BRANK
BRANT
BRASH
BRASS
BRATS
BRAVA
BRAVE
BRAVI
BRAVO
BRAWL
BRAWN
BRAWS
BRAXY
BRAYS
BRAZE ZEBRA
BREDE BREED
BRENS
BRENT
BREVE
BREWS
BRIAR
BRIBE
BRICK
BRIEF FIBER FIBRE
BRIER
BRIGS
BRILL
BRIMS
BRING
BRINK
BRINS
BRINY
BRISS
BRITS
BRITT
BROCK
BROIL
BROKE
BROME OMBER OMBRE
BROMO BROOM
BRONC
BROOD DOBRO
BROOK
BROSY
BROTH THROB
BROWN
BROWS
BRUGH BURGH
BRUIN BURIN
BRUIT
BRUME UMBER
BRUNG
BRUNT BURNT
BRUSH BUHRS SHRUB
BRUSK
BRUTE BURET REBUT TUBER
BRUTS BURST
BUBBA
BUBBY
BUBUS
BUCKO
BUCKS
BUDDY
BUDGE DEBUG
BUFFI
BUFFO
BUFFS
BUFFY
BUGGY
BUGLE BULGE
BUILD
BUILT
BULGY
BULKS
BULKY
BULLA
BULLS
BULLY
BUMFS
BUMPH
BUMPS
BUMPY
BUNAS
BUNCH
BUNCO
BUNDS
BUNDT
BUNGS
BUNKO
BUNKS
BUNNS
BUNNY
BUNTS
BUNYA
BUPPY
BURAN UNBAR URBAN
BURAS BURSA
BURBS
BURDS DRUBS
BURGS GRUBS
BURKA
BURKE
BURLY
BURNS
BURPS
BURQA
BURRO
BURRS
BURRY
BURSE REBUS RUBES SUBER
BUSBY
BUSED
BUSES
BUSHY
BUSKS
BUSTS STUBS
BUSTY
BUTCH
BUTEO
BUTES TUBES
BUTTE
BUTTS
BUTTY
BUTUT
BUTYL
BUXOM
BUYER REBUY
BWANA NAWAB
BYLAW
BYRES
BYRLS
BYSSI
BYTES
BYWAY
CABAL
CABBY
CABIN
CABLE
CABOB
CACAO
CACAS
CACHE
CACTI
CADDY
CADES CASED DACES
CADGE CAGED
CADGY
CAECA
CAFES FACES
CAFFS
CAGER GRACE
CAGES
CAGEY
CAHOW
CAINS
CAIRN NARIC
CAJON
CAKED
CAKES
CAKEY
CALFS
CALIF
CALIX
CALKS LACKS SLACK
CALLA
CALLS SCALL
CALMS CLAMS
CALOS COALS COLAS
CALVE CLAVE
CALYX
CAMAS
CAMEL MACLE
CAMEO COMAE
CAMOS COMAS
CAMPI
CAMPO
CAMPS SCAMP
CAMPY
CANAL
CANDY
CANER CRANE NACRE RANCE
CANID CNIDA NICAD
CANNA
CANNY NANCY
CANOE OCEAN
CANSO
CANST CANTS SCANT
CANTO COTAN OCTAN
CANTY
CAPED PACED
CAPER CRAPE PACER RECAP
CAPES PACES SCAPE SPACE
CAPHS CHAPS
CAPIZ
CAPON
CAPOS
CAPUT
CARAT
CARBO CAROB COBRA
CARBS CRABS
CARDS
CARER RACER
CARET CARTE CATER CRATE REACT RECTA TRACE
CAREX
CARGO
CARKS RACKS
CARLE CLEAR LACER
CARLS
CARNS NARCS
CARNY
CAROL CLARO CORAL
CAROM MACRO
CARPI
CARPS CRAPS SCARP SCRAP
CARRS
CARRY
CARTS SCART
CARVE CAVER CRAVE
CASAS
CASES
CASKS SACKS
CASKY YACKS
CASTE CATES CESTA TACES
CASTS SCATS
CATCH
CATTY
CAULD DUCAL
CAULK
CAULS
CAUSE SAUCE
CAVED
CAVES
CAVIE
CAVIL CLAVI
CAWED
CEASE
CEBID
CECAL
CECUM
CEDED
CEDER CERED CREED
CEDES
CEDIS DICES
CEIBA
CEILI
CEILS SLICE
CELEB
CELLA
CELLI
CELLO
CELLS
CELOM
CELTS
CENSE SCENE
CENTO CONTE ONCET
CENTS SCENT
CENTU
CEORL
CEPES
CERCI CERIC
CERES SCREE
CEROS CORES CORSE SCORE
CESTI CITES
CETES
CHADS
CHAFE
CHAFF
CHAIN CHINA
CHAIR
CHAIS CHIAS
CHALK
CHAMP
CHAMS CHASM MACHS
CHANG
CHANT NATCH
CHAOS
CHAPE CHEAP PEACH
CHAPT PATCH
CHARD
CHARE REACH
CHARK
CHARM MARCH
CHARR
CHARS CRASH
CHART RATCH
CHARY
CHATS TACHS
CHAWS SCHWA
CHAYS
CHEAT TACHE TEACH THECA
CHECK
CHEEK
CHEEP
CHEER
CHEFS
CHELA LEACH
CHEMO
CHERT RETCH
CHESS
CHEST TECHS
CHETH
CHEVY
CHEWS
CHEWY
CHIAO
CHICA
CHICK
CHICO
CHICS
CHIDE
CHIEF FICHE
CHIEL CHILE
CHILD
CHILI LICHI
CHILL
CHIMB
CHIME HEMIC MICHE
CHIMP
CHINE NICHE
CHINK
CHINO
CHINS
CHIPS
CHIRK
CHIRM
CHIRO CHOIR ICHOR
CHIRP
CHIRR
CHIRU
CHITS STICH
CHIVE
CHIVY VICHY
CHOCK
CHOKE
CHOKY
CHOLA LOACH
CHOLO
CHOMP
CHOOK
CHOPS
CHORD
CHORE OCHER OCHRE
CHOSE ECHOS
CHOTT
CHOWS
CHUBS
CHUCK
CHUFA
CHUFF
CHUGS
CHUMP
CHUMS
CHUNK
CHURL LURCH
CHURN
CHURR
CHUTE TEUCH
CHYLE
CHYME
CIBOL
CIDER CRIED DICER RICED
CIGAR
CILIA ILIAC
CIMEX
CINCH
CINES SINCE
CIONS COINS ICONS SCION SONIC
CIRCA
CIRES CRIES RICES
CIRRI
CISCO
CISSY
CISTS
CITED EDICT
CITER RECIT RECTI TRICE
CIVET EVICT
CIVIC
CIVIE
CIVIL
CIVVY
CLACH
CLACK
CLADE DECAL LACED
CLADS SCALD
CLAGS
CLAIM MALIC
CLAMP
CLANG
CLANK
CLANS
CLAPS CLASP SCALP
CLAPT
CLARY LYCRA
CLASH
CLASS
CLAST TALCS
CLAWS
CLEAN LANCE
CLEAT ECLAT
CLEEK
CLEFS
CLEFT
CLEPE
CLEPT
CLERK
CLEWS
CLICK
CLIFF
CLIFT
CLIMB
CLIME MELIC
CLINE
CLING
CLINK
CLIPS
CLIPT
CLOAK
CLOCK
CLODS COLDS SCOLD
CLOGS
CLOMB
CLOMP
CLONE
CLONK
CLONS
CLOOT
CLOPS
CLOSE COLES SOCLE
CLOTH
CLOTS COLTS
CLOUD COULD
CLOUR
CLOUT
CLOVE
CLOWN
CLOYS
CLOZE
CLUBS
CLUCK
CLUED
CLUES LUCES
CLUMP
CLUNG
CLUNK
COACH
COACT
COALA
COALY
COAPT
COATI
COBBS
COBBY
COBIA
COBLE
COCAS
COCCI
COCKS
COCKY
COCOA
COCOS
CODAS
CODEC
CODED
CODEN CONED
CODER CORED CREDO DECOR
CODES COEDS DECOS
CODEX COXED
CODON CONDO
COFFS SCOFF
COGON CONGO
COHOG
COHOS
COIFS
COIGN INCOG
COILS
COIRS
COKED
COKES
COLBY
COLED DOLCE
COLIC
COLIN NICOL
COLLY
COLOG
COLON
COLOR
COLZA
COMAL
COMBE
COMBO COOMB
COMBS
COMER
COMES
COMET COMTE
COMFY
COMIC
COMIX
COMMA
COMMY
COMPO
COMPS
COMPT
CONCH
CONES SCONE
CONEY
CONGA
CONGE
CONIC
CONIN
CONKS NOCKS
CONKY
CONNS
CONTO
CONUS UNCOS
COOCH
COOED
COOEE
COOER
COOEY
COOFS
COOKS SOCKO
COOKY
COOLS LOCOS
COOLY
COONS
COOPS SCOOP
COOPT
COOTS SCOOT
COPAL
COPAY
COPED
COPEN PONCE
COPER
COPES COPSE SCOPE
COPRA
CORBY
CORDS SCROD
CORER CRORE
CORGI ORGIC
CORIA
CORKS ROCKS
CORKY ROCKY
CORMS
CORNS SCORN
CORNU
CORNY CRONY
CORPS CROPS
COSEC SECCO
COSES
COSET COTES ESCOT
COSEY
COSIE
COSTS SCOTS
COTED
COTTA
COUCH
COUDE DOUCE
COUGH
COUNT
COUPE
COUPS
COURT
COUTH TOUCH
COVED
COVEN
COVER
COVES VOCES
COVET
COVEY
COVIN
COWED
COWER
COWLS SCOWL
COWRY
COXAE
COXAL
COXES
COYED DECOY
COYER
COYLY
COYPU
COZEN
COZES
COZEY
COZIE
CRAAL
CRACK
CRAFT
CRAGS SCRAG
CRAKE CREAK
CRAMP
CRAMS MARCS SCRAM
CRANK
CRASS SCARS
CRAWL
CRAWS
CRAZE
CRAZY
CREAM MACER
CREDS
CREEK
CREEL
CREEP CREPE
CREME
CREPT
CREPY
CRESS
CREST
CREWS SCREW
CRIBS
CRICK
CRIER RICER
CRIME
CRIMP
CRIPE PRICE
CRISP SCRIP
CRITS
CROAK
CROCI
CROCK
CROCS
CROFT
CRONE RECON
CROOK
CROON
CROSS
CROUP
CROWD
CROWN
CROWS
CROZE
CRUCK
CRUDE CURED
CRUDS CURDS
CRUEL LUCRE ULCER
CRUET CURET CUTER ERUCT RECUT TRUCE
CRUMB
CRUMP
CRUOR
CRURA
CRUSE CURES CURSE ECRUS SUCRE
CRUSH
CRUST CURST
CRWTH
CRYPT
CUBBY
CUBEB
CUBED
CUBER
CUBES
CUBIC
CUBIT
CUDDY
CUFFS SCUFF
CUIFS FICUS
CUING
CUISH
CUKES
CULCH
CULET
CULEX
CULLS SCULL
CULLY
CULMS
CULPA
CULTI
CULTS
CUMIN MUCIN
CUNTS
CUPEL
CUPID PUDIC
CUPPA
CUPPY
CURBS SCRUB
CURCH
CURDY
CURER RECUR
CURFS SCURF
CURIE UREIC
CURIO
CURLS
CURLY
CURNS
CURRS
CURRY
CURVE
CURVY
CUSEC
CUSHY
CUSKS SUCKS
CUSPS SCUPS
CUSSO
CUTCH
CUTES SCUTE
CUTEY
CUTIE
CUTIN TUNIC
CUTIS ICTUS
CUTTY
CUTUP
CUVEE
CYANO
CYANS
CYBER
CYCAD
CYCAS
CYCLE
CYCLO
CYDER DECRY
CYLIX
CYMAE
CYMAR
CYMAS
CYMES
CYMOL
CYNIC
CYSTS
CYTON
CZARS
DACHA
DADAS
DADDY
DADOS
DAFFS
DAFFY
DAGGA
DAGOS GOADS
DAHLS DHALS
DAILY
DAIRY DIARY YAIRD
DAISY SAYID
DALES DEALS LADES LASED LEADS
DALLY
DAMAR DRAMA
DAMES MEADS
DAMNS
DAMPS
DANDY
DANGS
DANIO
DARER DREAR RARED
DARES DEARS RASED READS
DARKS
DARKY
DARNS NARDS RANDS
DARTS DRATS
DASHI
DASHY SHADY
DATED
DATER DERAT RATED TARED TRADE TREAD
DATES SATED STADE STEAD TSADE
DATOS DOATS TOADS
DATTO
DATUM
DAUBE
DAUBY
DAUNT
DAVEN VANED
DAVIT
DAWED WADED
DAWKS
DAWNS WANDS
DAWTS
DEADS
DEALT DELTA LATED
DEANS SANED SEDAN
DEARY DERAY RAYED READY
DEATH HATED
DEAVE EAVED EVADE
DEBTS
DEBUT TUBED
DEBYE
DECAF FACED
DECAY
DECKS
DEEDS
DEEDY
DEEMS DEMES MEEDS
DEEPS PEDES SPEED
DEERS DREES REDES REEDS SEDER SERED
DEETS STEED
DEFAT FATED
DEFER FREED REFED
DEFIS
DEFOG
DEGAS EGADS
DEGUM
DEICE
DEIFY EDIFY
DEIGN DINGE
DEILS DELIS IDLES ISLED SIDLE SLIDE
DEISM DIMES DISME
DEIST DIETS DITES EDITS SITED STIED TIDES
DEITY
DEKED
DEKES SKEED
DEKKO
DELAY LAYED LEADY
DELED
DELES
DELFS
DELFT
DELLS
DELLY
DELTS
DELVE DEVEL
DEMIC MEDIC
DEMIT TIMED
DEMOB
DEMON MONDE
DEMOS DOMES MODES
DEMUR MURED
DENAR REDAN
DENES DENSE NEEDS
DENIM MINED
DENTS TENDS
DEOXY
DEPOT OPTED TOPED
DEPTH
DERBY
DERMS
DERRY DRYER REDRY
DESEX DEXES SEXED
DESKS
DETER TREED
DETOX
DEUCE EDUCE
DEVAS SAVED
DEVIL LIVED
DEVON DOVEN
DEWAR WADER WARED
DEWAX WAXED
DEWED
DEXIE
DHAKS
DHOBI
DHOLE HOLED
DHOTI
DHOWS
DHUTI
DIALS
DICED
DICEY
DICKS
DICKY
DICOT
DICTA
DICTY
DIDIE
DIDOS
DIDST
DIENE
DIFFS
DIGHT
DIGIT
DIKED
DIKER IRKED
DIKES SKIED
DIKEY
DILDO
DILLS
DILLY IDYLL
DIMER MIRED RIMED
DIMLY
DINAR DRAIN NADIR RANID
DINED NIDED
DINER
DINES NIDES SNIDE
DINGO DOING
DINGS
DINGY DYING
DINKS KINDS
DINKY
DINOS
DINTS
DIODE
DIOLS IDOLS LIDOS LOIDS SLOID SOLDI SOLID
DIPPY
DIPSO
DIRAM
DIRER DRIER RIDER
DIRGE GRIDE RIDGE
DIRKS
DIRLS
DIRTS
DIRTY
DISCI
DISCO SODIC
DISCS
DISHY
DISKS SKIDS
DITCH
DITSY
DITTO
DITTY
DITZY
DIVAN VIAND
DIVAS
DIVED
DIVER DRIVE RIVED
DIVES VISED
DIVOT
DIVVY
DIWAN
DIXIT
DIZEN
DIZZY
DJINN
DJINS
DOBBY
DOBIE
DOBLA
DOCKS
DODGE
DODGY
DODOS
DOERS DOSER REDOS RESOD RODES ROSED SORED
DOEST DOTES
DOETH
DOFFS
DOGES
DOGEY
DOGGO
DOGGY
DOGIE GEOID
DOGMA
DOILY
DOITS ODIST
DOJOS
DOLCI
DOLED
DOLES LODES SOLED
DOLLS
DOLLY
DOLMA DOMAL MODAL
DOLOR DROOL
DOLTS
DOMED
DOMIC
DONAS
DONEE
DONGA GONAD
DONGS
DONNA
DONNE
DONOR RONDO
DONSY SYNOD
DONUT
DOODY
DOOLY
DOOMS MOODS SODOM
DOOMY MOODY
DOORS ODORS ORDOS ROODS
DOOZY
DOPED
DOPER PEDRO PORED ROPED
DOPES POSED SPODE
DOPEY
DORKS
DORKY
DORMS
DORMY
DORPS DROPS PRODS
DORRS
DORSA ROADS SAROD
DORTY
DOSED
DOSES
DOTAL
DOTED
DOTER TRODE
DOTTY
DOUBT
DOUGH
DOUMA
DOUMS MODUS
DOURA
DOUSE
DOVES
DOWDY
DOWED
DOWEL LOWED
DOWER ROWED
DOWIE
DOWNS
DOWNY
DOWRY ROWDY WORDY
DOWSE SOWED
DOXIE OXIDE
DOYEN
DOYLY
DOZED
DOZEN ZONED
DOZER
DOZES
DRAFF
DRAFT
DRAGS GRADS
DRAIL LAIRD LIARD LIDAR
DRAKE RAKED
DRAMS
DRANK
DRAPE PADRE PARED RAPED
DRAVE RAVED
DRAWL
DRAWN
DRAWS SWARD WARDS
DRAYS YARDS
DRECK
DREED REDED
DREGS
DREKS
DRESS
DREST
DRIED REDID
DRIES RESID RIDES SIRED
DRIFT
DRILL
DRILY
DRINK
DRIPS
DRIPT
DROID
DROIT
DROLL
DRONE REDON
DROOP
DROPT
DROSS SORDS
DROUK
DROVE ROVED
DROWN
DRUGS
DRUID
DRUMS
DRUNK
DRUPE DUPER PERDU PRUDE URPED
DRUSE DURES
DRYAD
DRYLY
DUADS
DUALS LAUDS
DUCAT
DUCES
DUCHY
DUCKS
DUCKY
DUCTS
DUDDY
DUDED
DUDES
DUELS DULSE LEUDS LUDES SLUED
DUETS
DUFFS
DUFUS
DUITS
DUKED
DUKES
DULIA
DULLS
DULLY
DUMAS MAUDS
DUMBO
DUMBS
DUMKA
DUMKY
DUMMY
DUMPS
DUMPY
DUNAM MAUND
DUNCE
DUNCH
DUNES NUDES
DUNGS
DUNGY
DUNKS
DUNTS
DUOMI ODIUM
DUOMO
DUPED
DUPES PSEUD SPUED
DUPLE PULED
DURAL
DURAS
DURED UDDER
DURNS NURDS
DUROC
DUROS SUDOR
DURRA
DURRS
DURST TURDS
DURUM
DUSKS
DUSKY
DUSTS STUDS
DUSTY STUDY
DUTCH
DUVET
DWARF
DWELL
DWELT
DWINE WIDEN WINED
DYADS
DYERS
DYKED
DYKES SKYED
DYKEY
DYNEL
DYNES
EARED
EARLY LAYER LEARY RELAY
EARNS NARES NEARS SANER SNARE
EARTH HATER HEART RATHE
EASEL LEASE
EASES
EATEN ENATE
EAVES
EBBED
EBBET
EBOOK
ECHED
ECHES
EDGED
EDGER GREED
EDGES SEDGE
EDILE ELIDE
EDUCT
EERIE
EGERS GREES REGES SERGE
EGEST GEEST GESTE
EGGED
EGGER
EGRET GREET
EIDER
EIDOS
EIGHT
EIKON ENOKI KOINE
EJECT
EKING
ELAND LADEN NALED
ELANS LANES LEANS
ELATE TELAE
ELDER
ELECT
ELEGY
ELEMI
ELFIN
ELINT INLET
ELITE
ELOIN OLEIN
ELOPE
ELUDE
ELUTE
ELVER LEVER REVEL
ELVES
EMAIL MAILE
EMBED
EMBOW
EMCEE
EMEER
EMEND
EMERY
EMEUS
EMIRS MIRES MISER RIMES
EMITS ITEMS METIS MITES SMITE STIME TIMES
EMMER
EMMET
EMMYS
EMOTE
EMPTY
EMYDE
EMYDS
ENACT
ENDED
ENDER
ENDOW OWNED
ENDUE UNDEE
ENEMA
ENEMY
ENJOY
ENNUI
ENOLS LENOS NOELS
ENORM
ENOWS OWSEN
ENROL LONER NEROL
ENSKY
ENSUE
ENTER RENTE TERNE TREEN
ENTIA TENIA TINEA
ENTRY
ENURE
ENVOI OVINE
ENVOY
ENZYM
EOSIN NOISE
EPACT
EPEES
EPHAH
EPHAS HEAPS PHASE SHAPE
EPHOD HOPED
EPHOR HOPER
EPICS SEPIC SPICE
EPOCH
EPODE
EPOXY
EQUAL QUALE
EQUID
EQUIP PIQUE
ERASE SAREE
ERECT TERCE
ERGOT
ERNES SNEER
ERODE
EROSE
ERRED
ERROR
ERSES SEERS SERES
ERUGO ROGUE ROUGE
ERUPT
ERVIL LIVER LIVRE VILER
ESKER REEKS
ESNES SENSE
ESSAY EYASS
ESSES
ESTER REEST RESET STEER STERE TERSE TREES
ESTOP PESTO POETS STOPE TOPES
ETAPE
ETHER THERE THREE
ETHIC
ETHOS SHOTE THOSE
ETHYL
ETUDE
ETUIS SUITE
ETWEE
ETYMA MATEY MEATY
EUROS ROUES ROUSE
EVENS NEVES SEVEN
EVENT
EVERT REVET
EVERY VEERY
EVILS LEVIS LIVES VEILS
EVITE
EVOKE
EWERS RESEW SEWER SWEER
EXACT
EXALT LATEX
EXAMS MAXES
EXCEL
EXECS
EXERT
EXILE
EXINE
EXING
EXIST EXITS SIXTE
EXONS
EXPAT
EXPEL
EXPOS POXES
EXTOL
EXTRA RETAX TAXER
EXUDE
EXULT
EXURB
EYERS EYRES
EYING
EYRAS RESAY SAYER YEARS
EYRIE
EYRIR
FABLE
FACER FARCE
FACET
FACIA
FACTS
FADDY
FADED
FADER FARED
FADES
FADGE
FADOS
FAENA
FAERY
FAGGY
FAGIN
FAGOT
FAINT
FAIRS FIARS
FAIRY
FAITH
FAKED
FAKER FREAK
FAKES
FAKEY
FAKIR KAFIR
FALLS
FAMED
FAMES
FANCY
FANES
FANGA
FANGS
FANNY
FANON
FANOS
FANUM
FAQIR
FARAD
FARCI
FARCY
FARDS
FARER
FARES FEARS SAFER
FARLE FERAL FLARE
FARLS
FARMS
FAROS SOFAR
FARTS FRATS RAFTS
FASTS
FATAL
FATES FEAST FEATS FETAS
FATLY
FATSO SOFTA
FATTY
FATWA
FAUGH
FAULD
FAULT
FAUNA
FAUNS SNAFU
FAUVE
FAVAS
FAVES
FAVOR
FAVUS
FAWNS
FAWNY
FAXED
FAXES
FAYED
FAZED
FAZES
FEASE
FEAZE
FECAL
FECES
FECKS
FEDEX
FEEDS
FEELS FLEES
FEEZE
FEIGN
FEINT
FEIST
FELID FIELD FILED FLIED
FELLA
FELLS
FELLY
FELON
FELTS LEFTS
FEMES
FEMME
FEMUR FUMER
FENCE
FENDS
FENNY
FEODS
FEOFF
FERES FREES REEFS
FERLY FLYER REFLY
FERMI
FERNS
FERNY
FERRY FRYER REFRY
FESSE
FESTS
FETAL
FETCH
FETED
FETES
FETID
FETOR FORTE OFTER
FETUS
FEUAR
FEUDS FUSED
FEUED
FEVER
FEWER
FEYER REEFY
FEYLY
FEZES
FEZZY
FIATS
FICES
FICHU
FICIN
FIDGE
FIDOS
FIEFS FIFES
FIEND FINED
FIERY REIFY
FIFED
FIFER
FIFTH
FIFTY
FIGHT
FILAR FLAIR FRAIL
FILCH
FILER FLIER LIFER RIFLE
FILES FLIES
FILET FLITE
FILLE
FILLO
FILLS
FILLY
FILMI
FILMS
FILMY
FILOS FOILS
FILTH
FILUM
FINAL
FINCA
FINCH
FINDS
FINER INFER
FINES NEIFS
FINIS
FINKS
FINNY
FINOS FOINS INFOS
FIORD
FIQUE
FIRED FRIED
FIRER FRIER RIFER
FIRES FRIES FRISE REIFS SERIF
FIRMS
FIRNS
FIRRY
FIRST FRITS RIFTS
FIRTH FRITH
FISCS
FISHY
FISTS SIFTS
FITCH
FITLY
FIVER
FIVES
FIXED
FIXER REFIX
FIXES
FIXIT
FIZZY
FJELD
FJORD
FLABS
FLACK
FLAGS
FLAIL
FLAKE
FLAKY
FLAME FLEAM
FLAMS
FLAMY
FLANK
FLANS
FLAPS
FLASH
FLASK
FLATS
FLAWS
FLAWY
FLAXY
FLAYS
FLECK
FLEER REFEL
FLEET
FLESH SHELF
FLEWS
FLEYS
FLICK
FLICS
FLING
FLINT
FLIPS
FLIRS
FLIRT
FLITS LIFTS
FLOCK
FLOCS
FLOES
FLOGS GOLFS
FLONG
FLOOD
FLOOR
FLOPS
FLORA
FLOSS
FLOUR FLUOR
FLOUT
FLOWN
FLOWS FOWLS WOLFS
FLUBS
FLUED
FLUES FUELS FUSEL
FLUFF
FLUID
FLUKE
FLUKY
FLUME
FLUMP
FLUNG
FLUNK
FLUSH
FLUTE
FLUTY FLUYT
FLYBY
FLYTE LEFTY
FOALS LOAFS
FOAMS
FOAMY
FOCAL
FOCUS
FOEHN
FOGEY
FOGGY
FOGIE
FOHNS
FOIST
FOLDS
FOLEY
FOLIA
FOLIC
FOLIO
FOLKS
FOLKY
FOLLY
FONDS
FONDU FOUND
FONTS
FOODS
FOOLS LOOFS
FOOTS
FOOTY
FORAM
FORAY
FORBS
FORBY
FORCE
FORDO
FORDS
FORES FROES
FORGE GOFER
FORGO
FORKS
FORKY
FORME
FORMS
FORTH FROTH
FORTS FROST
FORTY
FORUM
FOSSA SOFAS
FOSSE
FOULS SULFO
FOUNT FUTON
FOURS
FOVEA
FOXED
FOXES
FOYER
FRAGS
FRAME
FRANC
FRANK
FRAPS
FRASS
FRAUD
FRAYS
FREER FRERE REFER
FREMD
FRENA
FRESH
FRETS
FRIAR
FRIGS
FRILL
FRISK
FRITT
FRITZ
FRIZZ
FROCK
FROGS
FROND
FRONS
FRONT
FRORE
FROSH
FROWN
FROWS
FROZE
FRUGS
FRUIT
FRUMP
FUBAR
FUBSY
FUCKS
FUCUS
FUDDY
FUDGE
FUGAL
FUGGY
FUGIO
FUGLE
FUGUE
FUGUS
FUJIS
FULLS
FULLY
FUMED
FUMES
FUMET
FUNDI
FUNDS
FUNGI
FUNGO
FUNKS
FUNKY
FUNNY
FURAN
FURLS
FUROR
FURRY
FURZE
FURZY
FUSEE
FUSES
FUSIL
FUSSY
FUSTY
FUZED
FUZEE
FUZES
FUZIL
FUZZY
FYCES
FYKES
FYTTE
GABBY
GADDI GADID
GADIS
GADJE
GADJO
GAFFE
GAFFS
GAGED
GAGES
GAILY
GAINS SIGNA
GALAH
GALAX
GALES
GALLS
GALLY
GALOP
GAMAY
GAMBA
GAMBE
GAMBS
GAMED
GAMER MARGE REGMA
GAMES MAGES
GAMEY
GAMIC MAGIC
GAMIN
GAMMA MAGMA
GAMMY
GAMPS
GAMUT
GANEF
GANEV VEGAN
GANGS
GANJA
GANOF
GAOLS GOALS
GAPED PAGED
GAPER GRAPE PAGER PARGE
GAPES PAGES PEAGS
GAPPY
GARDA
GARNI GRAIN
GARTH
GASES SAGES
GASPS
GASSY
GASTS STAGS
GATED
GATER GRATE GREAT RETAG TARGE TERGA
GATES GETAS STAGE
GAUDS
GAUDY
GAUGE
GAULT
GAUMS MAGUS SAGUM
GAUNT
GAUSS
GAUZE
GAUZY
GAVEL
GAVOT
GAWKS
GAWKY
GAWPS
GAWSY
GAYAL
GAYER YAGER
GAYLY
GAZAR
GAZED
GAZER GRAZE
GAZES
GAZOO
GECKO
GECKS
GEEKS
GEEKY
GEESE
GELDS GLEDS
GELEE
GELID GLIDE
GELTS
GEMMA
GEMMY
GEMOT
GENES
GENET TENGE
GENIC
GENIE
GENII
GENIP
GENOM GNOME
GENRE GREEN
GENRO GONER
GENTS
GENUA
GENUS NEGUS
GEODE
GERAH
GERMS
GERMY
GESSO SEGOS
GESTS
GETUP
GEUMS
GHAST GHATS
GHAZI
GHEES
GHOST GOTHS
GHOUL LOUGH
GHYLL
GIANT
GIBED
GIBER
GIBES
GIDDY
GIFTS
GIGAS
GIGHE
GIGOT
GIGUE
GILDS
GILLS
GILLY
GILTS
GIMEL GLIME
GIMME
GIMPS
GIMPY PIGMY
GINKS KINGS
GINNY
GINZO
GIPON OPING PINGO
GIPSY
GIRDS GRIDS
GIRLS
GIRLY
GIRNS GRINS RINGS
GIRON GROIN
GIROS
GIRSH
GIRTH GRITH RIGHT
GIRTS GRIST GRITS TRIGS
GISMO
GISTS
GITES
GIVEN
GIVER
GIVES
GIZMO
GLACE
GLADE
GLADS
GLADY
GLAMS
GLAND
GLANS SLANG
GLARY GYRAL
GLASS SLAGS
GLAZE
GLAZY
GLEAM
GLEBE
GLEDE GLEED LEDGE
GLEEK
GLEES LEGES
GLEET
GLENS
GLEYS
GLIAL
GLIAS SIGLA
GLIFF
GLIMS
GLINT
GLITZ
GLOAM
GLOAT
GLOGG
GLOMS
GLOOM
GLOPS
GLORY
GLOSS SLOGS
GLOST
GLOUT
GLOVE
GLOWS
GLOZE
GLUED LUGED
GLUER GRUEL LUGER
GLUES GULES LUGES
GLUEY
GLUGS
GLUME
GLUMS
GLUON
GLUTE
GLUTS
GLYPH
GNARL
GNARR
GNARS GRANS
GNASH HANGS SANGH
GNAWN
GNAWS SWANG
GOATS TOGAS
GOBOS
GODET
GODLY
GOERS GORES GORSE OGRES
GOGOS
GOING
GOLDS
GOLEM
GOLLY
GOMBO
GOMER
GONEF
GONGS NOGGS
GONIA
GONIF
GONOF
GONZO
GOODS
GOODY
GOOEY
GOOFS
GOOFY
GOOKS
GOOKY
GOONS
GOONY
GOOPS
GOOPY
GOOSE
GOOSY
GOPIK
GORED
GORGE GREGO
GORMS
GORPS PROGS
GORSY GYROS
GOUGE
GOURD
GOUTS GUSTO
GOUTY GUYOT
GOWAN WAGON
GOWDS
GOWKS
GOWNS
GOXES
GOYIM
GRADE RAGED
GRAFT
GRAMA
GRAMP
GRAMS
GRANA
GRAND
GRANT
GRAPH
GRAPY
GRASP SPRAG
GRASS
GRAVE
GRAVY
GRAYS
GREBE
GREEK
GREYS GYRES
GRIEF
GRIFF
GRIFT
GRIGS
GRILL
GRIME
GRIMY
GRIND
GRIOT TRIGO
GRIPE
GRIPS PRIGS SPRIG
GRIPT
GRIPY
GRODY
GROGS
GROKS
GROOM
GROPE
GROSS
GROSZ
GROTS TROGS
GROUP
GROUT
GROVE
GROWL
GROWN WRONG
GROWS
GRUES SURGE URGES
GRUFF
GRUME
GRUMP
GRUNT
GUACO
GUANO
GUANS
GUARD
GUAVA
GUCKS
GUDES
GUESS
GUEST
GUFFS
GUIDE
GUIDS
GUILD
GUILE
GUILT
GUIRO
GUISE
GULAG
GULAR RUGAL
GULCH
GULFS
GULFY
GULLS
GULLY
GULPS PLUGS
GULPY
GUMBO
GUMMA
GUMMY
GUNKS
GUNKY
GUNNY
GUPPY
GURGE
GURRY
GURSH SHRUG
GURUS
GUSHY
GUSSY
GUSTS
GUSTY GUTSY
GUTTA
GUTTY
GUYED
GWINE
GYBED
GYBES
GYOZA
GYPSY
GYRED
GYRON
GYRUS SURGY
GYVED
GYVES
HAAFS
HAARS
HABUS SUBAH
HACEK
HACKS SHACK
HADAL
HADED
HADJI JIHAD
HADST
HAEMS HAMES SHAME
HAETS HASTE HATES HEATS
HAFIZ
HAFTS SHAFT
HAHAS
HAIKA
HAIKS
HAIKU
HAILS
HAINT
HAIRS
HAIRY
HAJES
HAJIS
HAJJI
HAKES SHAKE
HAKIM
HAKUS
HALAL
HALED
HALER
HALES HEALS LEASH SELAH SHALE SHEAL
HALID
HALLO HOLLA
HALLS SHALL
HALMS
HALON
HALOS SHOAL
HALTS LATHS SHALT
HALVA
HALVE
HAMMY
HAMZA
HANCE
HANDS
HANDY
HANKY
HANSA
HANTS SNATH
HAOLE
HAPAX
HAPLY PHYLA
HAPPY
HARDS SHARD
HARDY HYDRA
HARED HEARD
HAREM HERMA
HARES HEARS RHEAS SHARE SHEAR
HARKS SHARK
HARLS
HARMS MARSH
HARPS SHARP
HARPY
HARRY
HARSH
HARTS TAHRS TRASH
HASPS
HASTY
HATCH
HAUGH
HAULM
HAULS HULAS SHAUL
HAUNT UNHAT
HAUTE
HAVEN
HAVER
HAVES SHAVE
HAVOC
HAWED
HAWKS
HAWSE
HAYED HEADY
HAYER
HAYEY
HAZAN
HAZED
HAZEL
HAZER
HAZES
HEAPY
HEATH
HEAVE
HEAVY
HEBES
HECKS
HEDER
HEDGE
HEDGY
HEEDS
HEELS
HEEZE
HEFTS
HEFTY
HEIGH
HEILS SHIEL
HEIRS HIRES SHIER SHIRE
HEIST
HELIO
HELIX
HELLO
HELLS SHELL
HELMS
HELOS HOLES HOSEL SHEOL
HELOT HOTEL THOLE
HELPS SHLEP
HELVE
HEMES
HEMIN
HEMPS
HEMPY
HENCE
HENGE
HENNA
HENRY
HENTS SHENT THENS
HERBS
HERBY
HERDS SHERD SHRED
HERES SHEER
HERLS LEHRS
HERMS
HERNS
HERON HONER
HEROS HOERS HORSE HOSER SHOER SHORE
HERRY
HERTZ
HESTS
HETHS
HEUCH
HEUGH
HEWED
HEWER WHERE
HEXAD
HEXED
HEXER
HEXES
HEXYL
HICKS
HIDED
HIDER HIRED
HIDES SHIED SIDHE
HIGHS
HIGHT THIGH
HIJAB
HIJRA
HIKED
HIKER
HIKES SHEIK
HILAR
HILLO
HILLS SHILL
HILLY
HILTS
HILUM
HILUS
HINDS
HINGE NEIGH
HINKY
HINNY
HINTS THINS
HIPLY
HIPPO
HIPPY
HIREE
HIRER
HISSY
HISTS SHIST SHITS
HITCH
HIVED
HIVES SHIVE
HOAGY
HOARD
HOARS HORAS
HOARY
HOBBY
HOCKS SHOCK
HOCUS
HODAD
HOGAN
HOGGS
HOICK
HOISE
HOIST
HOKED
HOKES OKEHS
HOKEY
HOKKU
HOKUM KHOUM
HOLDS
HOLEY HOYLE
HOLKS KOHLS
HOLLO
HOLLY
HOLMS
HOLTS SLOTH
HOMED
HOMER
HOMES
HOMEY
HOMIE
HOMOS
HONAN
HONDA
HONED
HONES HOSEN SHONE
HONEY
HONGI OHING
HONGS
HONKS
HONKY
HONOR
HOOCH
HOODS
HOODY
HOOEY
HOOFS
HOOKA
HOOKS SHOOK
HOOKY
HOOLY
HOOPS POOHS
HOOTS SHOOT SOOTH
HOOTY
HOPES
HOPPY
HORAH
HORAL
HORDE
HORNS SHORN
HORNY
HORST SHORT
HORSY
HOSED SHOED
HOSES SHOES
HOSEY
HOSTA OATHS SHOAT
HOSTS SHOTS SOTHS
HOTCH
HOTLY
HOUND
HOURI
HOURS
HOUSE
HOVEL
HOVER
HOWDY
HOWES WHOSE
HOWFF
HOWFS
HOWKS
HOWLS
HOYAS
HUBBY
HUCKS SHUCK
HUFFS
HUFFY
HUGER
HULKS
HULKY
HULLO
HULLS
HUMAN
HUMIC
HUMID
HUMOR MOHUR
HUMPH
HUMPS
HUMPY
HUMUS
HUNCH
HUNKS
HUNKY
HUNTS SHUNT
HURDS
HURLS
HURLY
HURRY
HURST HURTS RUTHS
HUSKS
HUSKY
HUSSY
HUTCH
HUZZA
HYDRO
HYENA
HYING
HYLAS SHALY
HYMEN
HYMNS
HYOID
HYPED
HYPER
HYPES
HYPHA
HYPOS SOPHY
HYRAX
HYSON
IAMBI
ICIER
ICILY
ICING
ICKER
ICTIC
IDIOM IMIDO
IDIOT
IDLED
IDLER RILED
IDYLS
IGGED
IGLOO LOGOI
IGLUS
IHRAM
IKATS
IKONS KINOS OINKS
ILEAC
ILEAL
ILEUM
ILEUS LIEUS
ILIAD
ILIAL
ILIUM
ILLER RILLE
IMAGE
IMAMS MAIMS MIASM
IMAUM UMAMI
IMBUE
IMIDE MEDII
IMIDS MIDIS
IMINE
IMINO
IMMIX
IMPED
IMPEL
IMPIS
IMPLY
INANE
INAPT PAINT PATIN PINTA
INARM
INBYE
INCUR RUNIC
INCUS
INDEX NIXED
INDIE
INDOL
INDOW
INDRI
INDUE NUDIE
INEPT
INERT INTER NITER NITRE TRINE
INFIX
INFRA
INGLE
INGOT TIGON
INION
INKED
INKER REINK
INKLE LIKEN
INLAY LAYIN
INNED
INNER RENIN
INPUT
INRUN INURN
INSET NEIST NITES SENTI STEIN TINES
INTIS
INTRO NITRO
INURE URINE
INVAR RAVIN
IODIC
IODID
IODIN
IONIC
IOTAS OSTIA STOAI
IRATE RETIA TERAI
IRIDS
IRING
IROKO
IRONE
IRONS NOIRS NORIS ORNIS ROSIN
IRONY
ISLES
ISLET ISTLE STILE TILES
ISSEI
ISSUE
ITCHY
ITHER THEIR
IVIED
IVIES
IVORY
IXIAS
IXORA
IXTLE
IZARS SIZAR
JABOT
JACAL
JACKS
JACKY
JADED
JADES
JAGER
JAGGS
JAGGY
JAGRA
JAILS
JAKES
JALAP
JALOP
JAMBE
JAMBS
JAMMY
JANES JEANS
JANTY
JAPAN
JAPED
JAPER
JAPES
JARLS
JATOS JOTAS
JAUKS
JAUNT JUNTA
JAUPS PUJAS
JAVAS
JAWAN
JAWED
JAZZY
JEBEL
JEEPS
JEERS
JEFES
JEHAD
JEHUS
JELLO
JELLS
JELLY
JEMMY
JENNY
JERID
JERKS
JERKY
JERRY
JESSE
JESTS
JETES
JETON
JETTY
JEWED
JEWEL
JIBBS
JIBED
JIBER
JIBES
JIFFS
JIFFY
JIGGY
JILLS
JILTS
JIMMY
JIMPY
JINGO
JINKS
JINNI
JINNS
JISMS
JIVED
JIVER
JIVES
JIVEY
JNANA
JOCKO
JOCKS
JOEYS
JOHNS
JOINS
JOINT
JOIST
JOKED
JOKER
JOKES
JOKEY
JOLES
JOLLY
JOLTS
JOLTY
JOMON
JONES
JORAM MAJOR
JORUM
JOTTY
JOUAL
JOUKS
JOULE
JOUST
JOWAR
JOWED
JOWLS
JOWLY
JOYED
JUBAS
JUBES
JUCOS
JUDAS
JUDGE
JUDOS
JUGAL
JUGUM
JUICE
JUICY
JUJUS
JUKED
JUKES
JUKUS
JULEP
JUMBO
JUMPS
JUMPY
JUNCO
JUNKS
JUNKY
JUNTO
JUPES
JUPON
JURAL
JURAT
JUREL
JUROR
JUSTS
JUTES
JUTTY
KABAR
KABOB
KADIS
KAGUS
KAIAK
KAIFS
KAILS
KAINS KINAS
KAKAS
KAKIS
KALAM
KALES LAKES LEAKS SLAKE
KALIF
KALPA
KAMES MAKES SAMEK
KAMIK
KANAS
KANES SKEAN SNAKE SNEAK
KANJI
KANZU
KAONS KOANS
KAPAS
KAPHS
KAPOK
KAPPA
KAPUT
KARAT
KARMA MAKAR MARKA
KARNS KNARS NARKS RANKS SNARK
KAROO
KARST KARTS STARK
KASHA
KATAS TAKAS
KAURI
KAURY
KAVAS
KAYAK
KAYOS OKAYS
KAZOO
KEBAB
KEBOB
KECKS
KEDGE
KEEFS
KEEKS
KEELS LEEKS SLEEK
KEENS KNEES SKEEN SKENE
KEEPS PEEKS PEKES
KEETS SKEET STEEK
KEEVE
KEFIR
KEIRS KIERS SIKER SKIER
KELEP
KELIM
KELLY
KELPS SKELP
KELPY
KELTS
KEMPS
KEMPT
KENAF
KENCH
KENDO
KENOS
KENTE
KEPIS PIKES SPIKE
KERFS
KERNE
KERNS
KERRY
KETCH
KETOL
KEVEL
KEVIL
KEXES
KEYED
KHADI
KHAFS
KHAKI
KHAPH
KHATS
KHEDA
KHETH
KHETS
KIANG
KIBBE
KIBBI
KIBLA
KICKS
KICKY
KIDDO
KIDDY
KIEFS
KIKES
KILIM
KILLS SKILL
KILNS LINKS SLINK
KILOS
KILTS
KILTY
KINES SKEIN
KININ
KINKS SKINK
KINKY
KIOSK
KIRKS
KIRNS RINKS
KISSY
KISTS SKITS
KITED
KITER TRIKE
KITES SKITE TIKES
KITHE
KITHS SHTIK
KITTY
KIVAS
KIWIS
KLICK
KLIKS
KLONG
KLOOF
KLUGE KUGEL
KLUTZ
KNACK
KNAPS SPANK
KNAUR
KNAVE
KNAWE WAKEN
KNEAD NAKED
KNEED
KNEEL
KNELL
KNELT
KNIFE
KNISH
KNITS SKINT STINK
KNOCK
KNOLL
KNOPS KNOSP
KNOTS
KNOUT
KNOWN
KNOWS WONKS
KNURL
KNURS
KOALA
KOELS
KOJIS
KOLAS SKOAL
KOLOS LOOKS SOKOL
KOMBU
KONKS
KOOKS
KOOKY
KOPEK
KOPHS
KOPJE
KOPPA
KORAI
KORAS OKRAS
KORAT TAROK TROAK
KORMA
KORUN
KOTOS STOOK
KOTOW
KRAAL
KRAFT
KRAIT TRAIK
KRAUT KURTA
KREEP
KREWE
KRILL
KRONA
KRONE
KROON
KRUBI
KUDOS
KUDUS
KUDZU
KUFIS
KUKRI
KULAK
KUMYS MUSKY
KURUS
KUSSO SOUKS
KVASS
KVELL
KYACK
KYAKS
KYARS SARKY
KYATS
KYLIX
KYRIE
KYTES TYKES
KYTHE
LAARI
LABEL
LABIA
LABRA
LACEY LYCEA
LADLE
LAEVO
LAHAR
LAICH
LAICS SALIC
LAIGH
LAITH LATHI
LAITY
LAKED
LAKER
LAKHS
LALLS
LAMED MEDAL
LAMER REALM
LAMIA
LAMPS PALMS PLASM PSALM
LANAI LIANA
LANDS
LANKY
LAPEL
LAPIN PLAIN
LAPIS PAILS SPAIL
LAPSE LEAPS PALES PEALS PLEAS SALEP SEPAL SPALE
LARCH
LARDS
LARDY LYARD
LAREE
LARKS
LARKY
LARUM MURAL
LASES SALES SEALS
LASSI SAILS SIALS SISAL
LASSO
LASTS SALTS SLATS
LATCH
LATEN LEANT
LATHE
LATHY
LATKE
LATTE
LAUAN
LAUGH
LAVAS VASAL
LAVED
LAVER RAVEL VELAR
LAVES SALVE SELVA SLAVE VALES VALSE VEALS
LAWED WALED WEALD
LAWNS
LAWNY WANLY
LAXER RELAX
LAXLY
LAYUP
LAZAR
LAZED
LAZES ZEALS
LEAFY
LEAKY
LEAPT LEPTA PALET PETAL PLATE PLEAT TEPAL
LEARN RENAL
LEAST SETAL SLATE STALE STEAL STELA TAELS TALES TEALS TESLA
LEAVE
LEAVY VEALY
LEBEN
LEDGY
LEECH
LEERS REELS
LEERY
LEETS SLEET STEEL STELE TEELS TELES
LEGAL
LEGER
LEGGY
LEGIT
LEHUA
LEMAN
LEMMA
LEMON MELON
LEMUR
LENDS
LENES LENSE
LENIS LIENS LINES
LENTO
LEONE
LEPER REPEL
LESES SEELS
LETCH
LETHE
LETUP
LEVEE
LEVEL
LEVIN LIVEN
LEWIS LWEIS WILES
LEXES
LEXIS SILEX
LEZZY
LIBEL
LIBRI
LICHT
LICIT
LICKS SLICK
LIEGE
LIERS RIELS RILES SLIER
LIEVE
LIGER
LIGHT
LIKED
LIKER
LIKES
LILAC
LILOS
LILTS STILL TILLS
LIMAN
LIMAS MAILS SALMI
LIMBA
LIMBI
LIMBO
LIMBS
LIMED
LIMEN
LIMES MILES SLIME SMILE
LIMEY
LIMIT
LIMNS
LIMOS MILOS MOILS
LIMPA MILPA
LIMPS
LINAC
LINDY
LINED
LINEN
LINER
LINEY
LINGO LOGIN
LINGS SLING
LINGY LYING
LININ
LINKY
LINNS
LINOS LIONS LOINS NOILS
LINTS
LINTY
LINUM
LIPID
LIPIN
LIPPY
LIROT TRIOL
LISLE
LISPS SLIPS
LISTS SILTS SLITS
LITAI
LITER LITRE RELIT TILER
LITHE
LITHO THIOL
LIVID
LLAMA
LLANO
LOADS
LOAMS MOLAS
LOAMY
LOANS SALON SOLAN
LOBBY
LOBED
LOCAL
LOCHS
LOCKS
LOCUM
LOCUS
LODEN OLDEN
LODGE OGLED
LOESS LOSES SLOES SOLES
LOFTS
LOFTY
LOGES OGLES
LOGGY
LOGIA
LOGIC
LOGON
LOGOS
LOLLS
LOLLY
LONGE
LONGS
LOOBY
LOOED
LOOEY
LOOIE
LOOMS MOOLS OSMOL
LOONS NOLOS SNOOL SOLON
LOONY
LOOPS POLOS POOLS SLOOP SPOOL
LOOPY
LOOSE OLEOS
LOOTS LOTOS SOTOL STOOL TOOLS
LOPED POLED
LOPER POLER PROLE
LOPES POLES SLOPE
LOPPY POLYP
LORAL
LORAN
LORDS
LORES LOSER ORLES ROLES SOREL
LORIS ROILS
LORRY
LOSEL
LOSSY
LOTIC
LOTTE
LOTTO
LOTUS LOUTS TOLUS
LOUIE
LOUIS
LOUMA
LOUPE
LOUPS
LOURS
LOURY
LOUSE OUSEL
LOUSY
LOVAT VOLTA
LOVED VOLED
LOVER
LOVES SOLVE VOLES
LOWER ROWEL
LOWES LOWSE
LOWLY
LOXED
LOXES
LUAUS USUAL
LUCID LUDIC
LUCKS SCULK
LUCKY
LUFFA
LUFFS SLUFF
LULLS
LULUS
LUMEN
LUMPS PLUMS SLUMP
LUMPY PLUMY
LUNAR ULNAR
LUNAS ULANS ULNAS
LUNCH
LUNES
LUNET UNLET
LUNGE
LUNGI
LUNGS SLUNG
LUNKS SLUNK
LUNTS
LUPIN
LUPUS
LURED RULED
LURER RULER
LURES RULES
LUREX
LURID
LURKS
LUSTS SLUTS
LUSTY
LUSUS SULUS
LUTEA
LUTED
LUTES TULES
LUXES
LYART
LYASE
LYCEE
LYMPH
LYNCH
LYRES SLYER
LYRIC
LYSED
LYSES
LYSIN
LYSIS SYLIS
LYSSA SLAYS
LYTIC
LYTTA
MAARS MARAS
MACAW
MACED
MACHE
MACHO MOCHA
MACKS SMACK
MACON
MADAM
MADLY
MAFIA
MAFIC
MAGOT
MAHOE
MAILL
MAIST TAMIS
MAIZE
MAKER
MALLS SMALL
MALMS
MALMY
MALTS SMALT
MALTY
MAMAS
MAMBA
MAMBO
MAMEY
MAMIE
MAMMA
MAMMY
MANAS
MANGA
MANGE
MANGY
MANLY
MANNA
MANOR ROMAN
MANOS MASON MOANS MONAS NOMAS SOMAN
MANUS
MAQUI UMIAQ
MARES MARSE MASER REAMS SMEAR
MARIA
MARKS
MARLS
MARLY MYLAR
MARRY
MARTS SMART TRAMS
MARVY
MASHY
MASKS
MASSE MESAS SEAMS
MASSY
MASTS
MATCH
MATED TAMED
MATES MEATS SATEM STEAM TAMES TEAMS
MATHS
MATIN
MATTE
MATTS
MATZA
MATZO
MAUTS
MAUVE
MAVEN
MAVIE
MAVIN
MAVIS
MAWED
MAXED
MAXIM
MAXIS
MAYAN
MAYAS
MAYED
MAYOR MORAY
MAYOS
MAYST
MAZED
MAZER
MAZES SMAZE
MBIRA
MEALY
MEANY YAMEN
MECCA
MEETS METES TEEMS
MEINY
MELDS
MELEE
MELLS SMELL
MELTS SMELT
MELTY
MEMES
MEMOS MOMES
MENDS
MENSE MESNE NEEMS SEMEN
MENSH
MENUS NEUMS
MEOUS MOUES MOUSE
MEOWS
MERCH
MERCS
MERCY
MERDE
MERER
MERES
MERGE
MERIT MITER MITRE REMIT TIMER
MERKS SMERK
MERLE
MERLS
MERRY
MESHY
MESIC
MESON NOMES OMENS
MESSY
METAL
METED
METER METRE REMET RETEM
METHS
METOL MOTEL
METRO
MEWED
MEWLS
MEZES
MEZZO
MIAOU
MIAOW
MIAUL
MICAS
MICKS
MICRA
MICRO
MIDDY
MIDGE
MIDST
MIENS MINES
MIFFS
MIFFY
MIGGS
MIGHT
MIKED
MIKES
MIKRA
MILCH
MILDS
MILER
MILIA
MILKS
MILKY
MILLE
MILLS
MILTS
MILTY
MIMED
MIMEO
MIMER
MIMES
MIMIC
MINCE
MINCY
MINDS
MINER
MINGY
MINIM
MINIS
MINKE
MINKS
MINNY
MINOR
MINTS
MINTY
MINUS MUNIS
MIREX MIXER REMIX
MIRIN
MIRKS SMIRK
MIRKY
MIRTH
MIRZA ZIRAM
MISDO
MISES SEISM SEMIS
MISOS
MISSY
MISTS
MISTY STIMY
MITIS
MITTS
MIXED
MIXES
MIXUP
MIZEN
MOCKS SMOCK
MODEL
MODEM
MOGGY
MOGUL
MOHEL
MOIRA
MOIRE
MOIST OMITS
MOJOS
MOKES SMOKE
MOLAL
MOLAR MORAL
MOLDS
MOLDY
MOLES
MOLLS
MOLLY
MOLTO
MOLTS SMOLT
MOMMA
MOMMY
MOMUS
MONAD NOMAD
MONDO
MONEY
MONGO
MONIE
MONKS
MONOS MOONS NOMOS
MONTE
MONTH
MOOCH
MOOED
MOOLA
MOONY
MOORS ROOMS
MOORY ROOMY
MOOSE
MOOTS
MOPED
MOPER PROEM
MOPES POEMS POMES
MOPEY MYOPE
MORAE
MORAS ROAMS
MOREL
MORES MORSE OMERS
MORNS NORMS
MORON
MORPH
MORRO
MORTS STORM
MOSEY
MOSKS
MOSSO
MOSSY
MOSTE MOTES SMOTE TOMES
MOSTS
MOTET MOTTE TOTEM
MOTEY
MOTHS
MOTHY
MOTIF
MOTOR
MOTTO
MOTTS
MOUCH MUCHO
MOULD
MOULT
MOUND
MOUNT MUTON NOTUM
MOURN
MOUSY
MOUTH
MOVED
MOVER VOMER
MOVES
MOVIE
MOWED
MOWER
MOXAS
MOXIE OXIME
MOZOS ZOOMS
MUCID
MUCKS
MUCKY
MUCOR MUCRO
MUCUS
MUDDY
MUDRA
MUFFS
MUFTI
MUGGS
MUGGY
MUHLY
MUJIK
MULCH
MULCT
MULED
MULES
MULEY
MULLA
MULLS
MUMMS
MUMMY
MUMPS
MUMUS
MUNCH
MUNGO
MUONS
MURES MUSER SERUM
MUREX
MURID
MURKS
MURKY
MURRA
MURRE
MURRS
MURRY
MUSCA SUMAC
MUSED SEDUM
MUSES
MUSHY
MUSIC
MUSKS
MUSSY
MUSTH
MUSTS SMUTS STUMS
MUSTY
MUTCH
MUTED
MUTER
MUTES
MUTTS
MUZZY
MYNAH
MYNAS
MYOID
MYOMA
MYOPY
MYRRH
MYSID
MYTHS
MYTHY THYMY
NABOB
NADAS
NAEVI NAIVE
NAFFS
NAGGY
NAIAD
NAIFS
NAIRA
NAIRU
NAKFA
NAMER RAMEN REMAN
NANCE
NANNY
NAPAS
NAPPA
NAPPE
NAPPY
NARKY
NATTY
NAVAL
NAVAR VARNA
NAVEL VENAL
NAVVY
NAZIS
NEATH THANE
NECKS SNECK
NEDDY
NEEDY
NEEPS PEENS PENES
NELLY
NENES
NEONS NONES
NERDS RENDS
NERDY
NERTS RENTS STERN TERNS
NERTZ
NERVE NEVER
NERVY
NESTS
NETOP
NETTS STENT TENTS
NETTY TENTY
NEUKS NUKES
NEUME
NEVUS VENUS
NEWEL
NEWER RENEW
NEWIE
NEWLY
NEWSY
NEWTS
NEXUS UNSEX
NGWEE
NICER
NICKS SNICK
NIDAL
NIDUS
NIECE
NIEVE
NIFTY
NIGHS
NIGHT THING
NIHIL
NILLS
NIMBI
NINES
NINJA
NINNY
NINON
NINTH
NIPAS PAINS PIANS PINAS
NIPPY
NISEI
NISUS SINUS
NITID
NITON
NITTY
NIXES
NIXIE
NIZAM
NOBBY
NOBLY
NODAL
NODDY
NODES NOSED SONDE
NODUS SOUND UDONS
NOHOW
NOILY
NOISY YONIS
NOMEN
NOMOI
NONAS
NONCE
NONET TENON TONNE
NONYL NYLON
NOOKS SNOOK
NOOKY
NOONS
NOOSE
NOPAL
NORIA
NORTH THORN
NOSES SONES
NOSEY
NOTAL TALON TOLAN TONAL
NOTCH
NOTED TONED
NOTER TENOR TONER TRONE
NOTES ONSET SETON STENO STONE TONES
NOUNS
NOVAE
NOVAS
NOVEL
NOWAY
NOWTS TOWNS WONTS
NUBBY
NUBIA
NUCHA
NUDER UNDER
NUDGE
NUDZH
NUKED
NULLS
NUMBS
NUMEN
NURLS
NURSE RUNES
NUTSY
NUTTY
NYALA
NYMPH
OAKEN
OAKUM
OASES
OASIS OSSIA
OASTS STOAS
OATER ORATE
OAVES SOAVE
OBELI
OBESE
OBEYS
OBIAS
OBITS
OBJET
OBOES
OBOLE
OBOLI
OCCUR
OCHRY
OCKER
OCREA
OCTAD
OCTAL
OCTET
OCTYL
OCULI
ODAHS
ODDER
ODDLY
ODEON
ODEUM
ODOUR
ODYLE YODEL YODLE
ODYLS SLOYD
OFAYS
OFFAL
OFFED
OFFER
OFTEN
OGAMS
OGEES
OGHAM
OGIVE VOGIE
OGLER
OHIAS
OHMIC
OIDIA
OILED OLDIE
OILER ORIEL REOIL
OKAPI
OLDER
OLEIC
OLEUM
OLIOS
OLIVE VOILE
OLLAS SALOL
OLOGY
OMASA
OMEGA
ONERY
ONION
ONIUM
ONLAY
ONTIC TONIC
OOHED
OOMPH
OORIE
OOTID
OOZED
OOZES
OPAHS
OPALS
OPENS PEONS PONES
OPERA PAREO
OPINE
OPIUM
OPSIN PIONS
OPTIC PICOT TOPIC
ORACH ROACH
ORALS SOLAR
ORBIT
ORCAS
ORCIN
ORDER
ORIBI
ORLON
ORLOP
ORMER
ORPIN PRION
ORRIS
ORTHO THORO
ORZOS
OSIER
OSMIC
OTHER THROE
OTTAR TAROT TORTA
OTTER ROTTE TORTE TOTER
OTTOS TOOTS
OUGHT TOUGH
OUNCE
OUPHE
OUPHS
OURIE
OUSTS
OUTBY
OUTDO
OUTED
OUTER OUTRE ROUTE
OUTGO
OUZEL
OUZOS
OVALS SALVO
OVARY
OVATE
OVENS
OVERS ROVES SERVO VERSO
OVERT TROVE VOTER
OVOID
OVOLI
OVOLO
OVULE
OWING
OWLET TOWEL
OWNER REWON ROWEN
OXBOW
OXEYE
OXIDS
OXIMS SIXMO
OXLIP
OXTER
OYERS YORES
OZONE
PACAS
PACEY
PACHA
PACKS
PACTS
PADDY
PADIS SAPID
PADLE PALED PEDAL PLEAD
PADRI PARDI RAPID
PAEON
PAGAN PANGA
PAGOD
PAIKS PIKAS
PAIRS PARIS
PAISA
PAISE SEPIA
PALEA
PALER PARLE PEARL
PALLS SPALL
PALLY
PALPI PIPAL
PALPS
PALSY PLAYS SPLAY
PAMPA
PANDA
PANDY
PANED
PANEL PENAL PLANE PLENA
PANGS SPANG
PANIC
PANNE PENNA
PANSY
PANTO
PANTS
PANTY
PAPAS
PAPAW
PAPER
PAPPI
PAPPY
PARAS
PARCH
PARDS
PARDY
PARER RAPER
PAREU
PARGO
PARKA
PARKS SPARK
PAROL POLAR
PARRS
PARRY
PARTS PRATS SPRAT STRAP TARPS TRAPS
PARTY
PARVE PAVER
PARVO VAPOR
PASEO PSOAE
PASHA
PASTE PATES PEATS SEPTA SPATE TAPES TEPAS
PASTS SPATS
PASTY PATSY
PATEN
PATHS STAPH
PATIO
PATTY
PAUSE
PAVAN
PAVED
PAVES
PAVID VAPID
PAVIN
PAVIS
PAWED
PAWER
PAWKY
PAWLS
PAWNS SPAWN
PAXES
PAYED
PAYEE
PAYOR
PEACE
PEAGE
PEAKS SPAKE SPEAK
PEAKY
PEASE
PEATY
PEAVY
PECAN
PECHS
PECKS SPECK
PECKY
PEELS PELES SLEEP SPEEL
PEEPS
PEERS PERES PERSE PREES PRESE SPEER SPREE
PEERY
PEEVE
PEINS PENIS PINES SNIPE SPINE
PEISE
PEKAN
PEKIN
PEKOE
PELFS
PELON PLEON
PELTS SLEPT SPELT
PENCE
PENDS SPEND
PENGO
PENNE
PENNI
PENNY
PEONY
PEPOS POPES
PEPPY
PERCH
PERDY
PEREA
PERIL PLIER
PERIS PIERS PRIES PRISE RIPES SPEIR SPIER SPIRE
PERKS
PERKY
PERMS SPERM
PERPS PREPS REPPS
PERRY PRYER
PERVS
PESKY
PESOS POSES POSSE
PESTS SEPTS STEPS
PESTY TYPES
PETER
PETIT PETTI
PETTO
PETTY
PEWEE
PEWIT
PHAGE
PHIAL
PHLOX
PHONE
PHONO
PHONS
PHONY
PHOTO
PHOTS TOPHS
PHPHT
PHUTS
PHYLE
PIANO
PIBAL
PICAL PLICA
PICKS SPICK
PICKY
PICUL
PIECE
PIETA
PIETY
PIGGY
PIING
PIKED
PIKER
PIKIS
PILAF
PILAR
PILAU
PILAW
PILEA
PILED PLIED
PILEI
PILES PLIES SLIPE SPEIL SPIEL SPILE
PILIS
PILLS SPILL
PILOT
PILUS PULIS
PIMAS
PIMPS
PINCH
PINED
PINEY
PINGS
PINKO
PINKS
PINKY
PINNA
PINNY
PINON
PINOT PINTO PITON POINT
PINTS
PINUP
PIOUS
PIPED
PIPER
PIPES
PIPET
PIPIT
PIRNS
PIROG
PISCO
PISOS
PISTE SPITE STIPE
PITAS SPAIT TAPIS
PITCH
PITHS
PITHY
PITTA
PIVOT
PIXEL
PIXES
PIXIE
PIZZA
PLACE
PLACK
PLAGE
PLAID
PLAIT
PLANK
PLANS
PLANT
PLASH
PLATS SPLAT
PLAYA
PLAZA
PLEBS
PLEWS
PLINK
PLODS
PLONK
PLOPS
PLOTS
PLOTZ
PLOWS
PLOYS POLYS
PLUCK
PLUMB
PLUME
PLUMP
PLUNK
PLUSH
PLYER REPLY
POACH
POBOY
POCKS
POCKY
PODGY
PODIA
POESY SEPOY
POGEY
POILU
POIND
POISE
POKED
POKER
POKES SPOKE
POKEY
POLIO
POLIS SPOIL
POLKA
POLLS
POMMY
POMOS
POMPS
PONDS
PONGS
POOCH
POODS
POOED
POOFS SPOOF
POOFY
POONS SNOOP SPOON
POOPS
POORI
POOVE
POPPA
POPPY
POPSY SOPPY
PORCH
PORES POSER PROSE REPOS ROPES SPORE
PORGY
PORKS
PORKY
PORNO
PORNS
PORNY
PORTS PROST SPORT STROP
POSIT TOPIS
POSTS SPOTS STOPS
POTSY TYPOS
POTTO
POTTY
POUCH
POUFF
POUFS
POULT
POUND
POURS ROUPS
POUTS SPOUT STOUP
POUTY
POWER
POXED
POYOU
PRAAM
PRAHU
PRAMS RAMPS
PRANG
PRANK
PRAOS PROAS SAPOR
PRAUS SUPRA
PRAWN
PRAYS RASPY SPRAY
PREED
PREEN
PREOP
PRESS
PREST STREP
PREXY PYREX
PREYS PYRES
PRICK
PRICY PYRIC
PRIDE PRIED REDIP RIPED
PRIER RIPER
PRILL
PRIMA
PRIME
PRIMI
PRIMO
PRIMP
PRIMS PRISM
PRINK
PRINT
PRIOR
PRISS
PRIVY
PRIZE
PROBE REBOP
PROFS
PROMO
PROMS ROMPS
PRONE
PRONG
PROOF
PROPS
PROSO SOPOR SPOOR
PROSS
PROSY PYROS
PROUD
PROVE
PROWL
PROWS
PROXY
PRUNE
PRUTA
PSHAW WHAPS
PSOAI
PSOAS SOAPS
PSYCH
PUBES
PUBIC
PUBIS
PUCES
PUCKA
PUCKS
PUDGY
PUFFS
PUFFY
PUGGY
PUJAH
PUKED
PUKES
PUKKA
PULER
PULES PULSE
PULIK
PULLS
PULPS
PULPY
PUMAS
PUMPS
PUNAS
PUNCH
PUNGS
PUNJI
PUNKA
PUNKS SPUNK
PUNKY
PUNNY
PUNTO PUTON
PUNTS
PUNTY
PUPAE
PUPAL
PUPAS
PUPIL
PUPPY
PUPUS
PURDA
PUREE RUPEE
PURER
PURGE
PURIN UNRIP
PURIS SIRUP
PURLS SLURP
PURRS
PURSE SPRUE SUPER
PURSY SYRUP
PURTY
PUSES SPUES SUPES
PUSHY
PUSSY
PUTTI
PUTTO
PUTTS
PUTTY
PYGMY
PYINS SPINY
PYLON
PYOID
PYRAN
PYXES
PYXIE
PYXIS
QADIS QAIDS
QANAT
QOPHS
QUACK
QUADS SQUAD
QUAFF
QUAGS
QUAIL
QUAIS QUASI
QUAKE
QUAKY
QUALM
QUANT
QUARE
QUARK
QUART
QUASH
QUASS
QUATE
QUAYS
QUBIT
QUEAN
QUEEN
QUEER
QUELL
QUERN
QUERY
QUEST
QUEUE
QUEYS
QUICK
QUIDS SQUID
QUIET QUITE
QUIFF
QUILL
QUILT
QUINS
QUINT
QUIPS
QUIPU
QUIRE
QUIRK
QUIRT
QUITS
QUODS
QUOIN
QUOIT
QUOLL
QUOTA
QUOTE TOQUE
QUOTH
QURSH
RABAT
RABBI
RADAR
RADII
RADIX
RAFFS
RAGGS
RAGGY
RAGIS
RAIDS
RAINY
RAJAH
RAJAS
RAJES
RAKEE
RAKER
RAKIS
RAKUS
RALLY
RALPH
RAMMY
RANCH
RANDY
RANTS TARNS TRANS
RAPHE
RARER
RARES RASER REARS
RASPS SPARS
RATER TARRE TERRA
RATIO
RATOS ROAST ROTAS SORTA TAROS TORAS
RATTY TARTY
RAVEN
RAVER
RAWER
RAWIN
RAWLY
RAXED
RAXES
RAYAH
RAYAS
RAYON
RAZED
RAZEE
RAZER
RAZES
RAZOR
REATA
REAVE
REBBE
REBEC
REBEL
RECCE
RECKS
RECTO
REDDS
REDLY
REDOX
REDUB
REDUX
REDYE REEDY
REEKY REKEY
REEVE
REFIT
REHAB
REHEM RHEME
REIGN RENIG
REINS RESIN RINSE RISEN SERIN SIREN
REIVE
REJIG
RELET
RELIC
REMAP
REMEX
REPEG
REPIN RIPEN
REPOT TOPER TROPE
REPRO ROPER
RERAN
RERIG
RERUN
RESAW SAWER SEWAR SWARE SWEAR WARES WEARS
RESEE
RESIT RITES TIERS TIRES TRIES
RESOW SEROW SOWER SWORE WORSE
RESTS TRESS
RETIE
RETRO
RETRY TERRY
REUSE
REVUE
REWAN
REWAX WAXER
REWED
REWET
REWIN
REXES
RHEUM
RHINO
RHOMB
RHUMB
RHYME
RHYTA
RIANT TRAIN
RIBBY
RICIN
RICKS
RIDGY
RIFFS
RIGID
RIGOR
RILEY
RILLS
RIMER
RINDS
RINDY
RIOJA
RIOTS ROTIS TIROS TORSI TRIOS TROIS
RISER
RISES SIRES
RISHI
RISKS
RISKY
RISUS
RITZY
RIVAL VIRAL
RIVEN
RIVER
RIVES SIVER VIERS VIRES
RIVET
RIYAL
ROARS
ROBIN
ROBLE
ROBOT
RODEO
ROGER
ROILY
ROLFS
ROLLS
ROMEO
ROOFS
ROOKS
ROOKY
ROOSE
ROOST ROOTS ROTOS TOROS TORSO
ROOTY
ROPEY
ROQUE
ROSES SORES
ROSET ROTES STORE TORES TORSE
ROSHI
ROTCH TORCH
ROTLS
ROTOR
ROUEN
ROUGH
ROUND
ROUPY
ROUST ROUTS STOUR TORUS TOURS
ROUTH
ROVEN
ROVER
ROWAN
ROWER
ROWTH THROW WHORT WORTH WROTH
ROYAL
RUANA
RUBBY
RUBUS
RUCHE
RUCKS
RUDDS
RUDDY
RUDER
RUERS SURER
RUFFE
RUFFS
RUGBY
RUING UNRIG
RUINS
RUMBA UMBRA
RUMEN
RUMMY
RUMOR
RUMPS
RUNGS
RUNNY
RUNTS TURNS
RUNTY
RURAL
RUSES SUERS USERS
RUSHY
RUSKS
RUSTS TRUSS
RUSTY YURTS
RUTIN
RUTTY
RYKED
RYKES YERKS
RYNDS
RYOTS STORY STROY TROYS TYROS
SABRA
SACRA
SADES
SADHU
SADIS SAIDS
SADLY
SAFES
SAGAS
SAGGY
SAGOS
SAHIB
SAICE
SAIGA
SAINS SASIN
SAITH
SAJOU
SAKES
SAKIS SIKAS
SALAD
SALAL
SALLY
SALPA
SALPS SLAPS
SALSA
SALTY SLATY
SAMBA
SAMPS SPAMS SPASM
SANDS
SANDY
SANES SENSA
SANTO
SAPPY
SARAN
SARDS
SARGO
SARKS
SAROS SOARS SORAS
SASSY
SATAY
SATIS
SAUCH
SAUCY YUCAS
SAUGH
SAULS
SAULT TALUS
SAUNA
SAURY
SAUTE
SAVES VASES
SAVIN VINAS
SAVOY
SAVVY
SAWED WADES
SAXES
SAYED
SAYST STAYS
SCABS
SCADS
SCAGS
SCAMS
SCANS
SCARF
SCARY
SCATT TACTS
SCAUP
SCEND
SCHAV
SCHMO
SCHUL
SCOPS
SCOUR
SCOUT
SCOWS
SCRIM
SCRUM
SCUBA
SCUDI
SCUDO
SCUDS
SCULP
SCUMS
SCUTA
SCUTS
SCUZZ
SEAMY
SEBUM
SECTS
SEDGY
SEEDS
SEEDY
SEEKS SKEES
SEELY
SEEMS SEMES
SEEPS
SEEPY
SEGNI SENGI SINGE
SEGNO
SEGUE
SEIFS
SEINE
SEISE
SEIZE
SELFS
SELLE
SELLS
SENDS SNEDS
SENNA
SENOR SNORE
SENTE TEENS TENSE
SERER
SERFS
SERRY
SERVE SEVER VEERS VERSE
SETAE TEASE
SETTS STETS TESTS
SETUP STUPE UPSET
SEWAN WANES WEANS
SEWED SWEDE WEEDS
SEXES
SEXTO
SEXTS
SHADS
SHAGS
SHAHS
SHAKO
SHAKY
SHAMS SMASH
SHARN
SHAWL
SHAWM WHAMS
SHAWN
SHAWS SHWAS SWASH
SHAYS
SHEAF
SHEDS
SHEEN
SHEEP
SHEET THESE
SHEND
SHEWN WHENS
SHEWS
SHIES
SHIFT
SHILY
SHIMS
SHINE
SHINS SINHS
SHINY
SHIPS
SHIRK
SHIRR
SHIRT
SHIVA
SHIVS
SHOGI
SHOGS
SHOJI
SHOOL
SHOON
SHOOS
SHOPS SOPHS
SHORL
SHOTT
SHOUT SOUTH THOUS
SHOVE
SHOWN
SHOWS
SHOWY
SHOYU
SHREW
SHRIS
SHULN
SHULS SLUSH
SHUNS
SHUSH
SHUTE
SHUTS
SHYER
SHYLY
SIBBS
SIBYL
SICES
SICKO
SICKS
SIDED
SIDES
SIEGE
SIEUR
SIEVE
SIGHS
SIGHT
SIGIL
SIGNS SINGS
SIKES SKIES
SILDS
SILKS
SILKY
SILLS
SILLY SLILY YILLS
SILOS SOILS
SILTY STYLI
SILVA VAILS VIALS
SIMPS
SINES
SINEW SWINE WINES
SINKS SKINS
SIPED SPIED
SIPES SPIES
SIREE
SISES
SISSY
SITES STIES
SITUP
SITUS SUITS
SIXES
SIXTH
SIXTY XYSTI
SIZED
SIZER
SIZES
SKAGS
SKALD
SKANK
SKATE STAKE STEAK TAKES TEAKS
SKATS TASKS
SKEGS
SKELL
SKELM
SKEPS
SKEWS
SKIEY YIKES
SKIFF
SKIMO
SKIMP
SKIMS
SKIPS SPIKS
SKIRL
SKIRR
SKIRT STIRK
SKIVE
SKORT STORK TORSK
SKOSH
SKUAS
SKULK
SKULL
SKUNK
SKYEY
SLABS
SLAMS
SLANK
SLANT
SLASH
SLAWS
SLEDS
SLEWS
SLIMS
SLIMY
SLIPT SPILT SPLIT
SLOBS
SLOJD
SLOPS
SLOSH
SLOTS
SLOWS
SLUBS
SLUES
SLUGS
SLUMS
SLURS
SLYLY
SLYPE YELPS
SMARM
SMEEK
SMEWS
SMITH
SMOGS
SMOKY
SMUSH
SNACK
SNAGS
SNAKY YANKS
SNAPS SPANS
SNARF
SNARL
SNASH
SNAWS SWANS
SNELL
SNIBS
SNIFF
SNIPS SPINS
SNITS
SNOBS
SNOGS SONGS
SNOOD
SNOOT TOONS
SNORT
SNOTS
SNOUT TONUS
SNOWS
SNOWY
SNUBS
SNUCK
SNUFF
SNUGS
SNYES
SOAPY
SOCAS
SOCKS
SODAS
SODDY
SOFTS
SOFTY
SOGGY
SOJAS
SOKES
SOLDO
SOLEI
SOLOS
SOLUM
SOLUS SOULS
SOMAS
SONLY
SONNY
SONSY
SOOEY
SOOKS
SOOTS
SOOTY TOYOS
SORBS
SORER
SORGO
SORNS
SORRY
SORTS
SORUS SOURS
SOUGH
SOUPS
SOUPY
SOUSE
SOWAR
SOYAS
SOYUZ
SOZIN
SPACY
SPADE SPAED
SPAYS
SPAZZ
SPECS
SPELL
SPENT
SPEWS
SPICS
SPICY
SPIFF
SPIKY
SPIRT SPRIT STIRP STRIP TRIPS
SPIRY
SPITS
SPITZ
SPIVS
SPOOK
SPRUG
SPUDS
SPUME
SPUMY
SPURN
SPURS
SPURT TURPS
SPUTA STUPA
SQUAB
SQUAT
SQUAW
SQUEG
SQUIB
STACK TACKS
STAFF
STAGY
STALK TALKS
STALL TALLS
STAMP TAMPS
STAND
STANK TANKS
STARS TRASS TSARS
START TARTS
STASH
STATE TASTE TATES TEATS TESTA
STATS
STAVE VESTA
STEEP
STEMS
STEWS WESTS
STEWY WYTES
STICK TICKS
STIFF TIFFS
STILT TILTS
STING TINGS
STINT TINTS
STIRS
STOAE TOEAS
STOAT TOAST
STOBS
STOCK
STOGY
STOIC
STOKE TOKES
STOLE TELOS TOLES
STOMP
STONY
STOOD
STOOP TOPOS
STOPT
STOSS
STOTS
STOTT
STOUT TOUTS
STOVE VOTES
STOWP
STOWS SWOTS
STRAW SWART WARTS
STREW TREWS WREST
STROW TROWS WORST WORTS
STRUM
STRUT STURT TRUST
STUCK TUCKS
STUFF TUFFS
STULL
STUMP TUMPS
STUNG TUNGS
STUNK
STUNS
STUNT
STYED
STYES
STYLE
STYMY
SUAVE UVEAS
SUBAS
SUCKY YUCKS
SUDDS
SUDSY
SUEDE
SUETS
SUETY
SUGHS
SUING USING
SUINT UNITS
SULCI
SULFA
SULKS
SULKY
SULLY
SUMMA
SUMOS
SUMPS
SUNNA
SUNNS
SUNNY
SUNUP
SURAH
SURAL
SURAS
SURDS
SURFS
SURFY
SURLY
SURRA
SUSHI
SUTRA
SUTTA TAUTS
SWABS
SWAGE WAGES
SWAGS
SWAIL WAILS
SWAIN WAINS
SWALE WALES WEALS
SWAMI
SWAMP
SWAMY
SWANK WANKS
SWAPS WASPS
SWARF
SWARM WARMS
SWATH THAWS WHATS
SWATS WASTS
SWAYS
SWEAT TAWSE TWAES WASTE
SWEEP WEEPS
SWEET WEEST WEETS
SWELL WELLS
SWEPT
SWIFT
SWIGS
SWILL WILLS
SWIMS
SWING WINGS
SWINK WINKS
SWIPE WIPES
SWIRL
SWISH
SWISS
SWITH WHIST WHITS
SWIVE VIEWS WIVES
SWOBS
SWOON
SWOOP WOOPS
SWOPS
SWORD WORDS
SWORN
SWOUN
SWUNG
SYCEE
SYCES
SYKES
SYLPH
SYLVA
SYNCH
SYNCS
SYNTH
SYPHS
SYREN
SYSOP
TABBY
TABER
TABID
TABLA
TABOO
TABUN
TACET TECTA
TACKY
TAFFY
TAFIA
TAINT TITAN
TAJES
TAKEN
TAKER
TAKIN
TALKY
TALLY
TALUK
TAMAL
TAMMY
TANGA
TANGO TONGA
TANGY
TANKA
TANTO
TARDO
TARDY
TARRY
TASTY
TATER TETRA TREAT
TATTY
TAUNT
TAUON
TAUPE
TAWED
TAWER WATER
TAWIE
TAWNY
TAXED
TAXES TEXAS
TAXIS
TAXOL
TAXON
TAXUS
TAZZA
TAZZE
TEARY
TECHY
TEDDY
TEENY YENTE
TEETH
TEFFS
TEGGS
TEGUA
TEIID
TEIND TINED
TELCO
TELEX
TELIA
TELIC
TELLS
TELLY
TELOI TOILE
TEMPI
TEMPO
TEMPS
TEMPT
TENCH
TENDU TUNED
TENET
TENTH
TEPEE
TEPID
TEPOY
TERMS
TESTY YETTS
TETHS
TETRI TITER TITRE TRITE
TEUGH
TEWED TWEED
TEXTS
THACK
THANK
THARM
THEBE
THEFT
THEGN
THEIN THINE
THEME
THERM
THESP
THETA
THEWS WHETS
THEWY
THICK
THIEF
THILL
THINK
THIRD
THIRL
THONG
THORP
THRAW WRATH
THREW
THRIP
THRUM
THUDS
THUGS
THUJA
THUMB
THUMP
THUNK
THURL
THUYA
THYME
THYMI
TIBIA
TICAL
TIDAL
TIDED
TIGER
TIGHT
TIKIS
TIKKA
TILAK
TILDE TILED
TILTH
TIMID
TINCT
TINGE
TINNY
TIPIS
TIPPY
TIPSY
TIRED TRIED
TIRLS
TITHE
TITIS
TITLE
TITTY
TIZZY
TOADY TODAY
TODDY
TOFFS
TOFFY
TOFTS
TOFUS
TOGAE
TOGUE
TOILS
TOITS
TOKAY
TOKED
TOKEN
TOKER TROKE
TOLAR
TOLED
TOLLS
TOLYL
TOMAN
TOMBS
TOMMY
TONDI
TONDO
TONEY
TONGS
TOOTH
TOPAZ
TOPEE
TOPHE
TOPHI
TOPOI
TORAH
TORCS
TORIC
TORII
TOROT
TORRS
TORTS TROTS
TOTAL
TOTED
TOTES
TOUSE
TOWED
TOWER WROTE
TOWIE
TOWNY
TOXIC
TOXIN
TOYED
TOYER
TOYON
TRACK
TRACT
TRAGI
TRAIL TRIAL
TRAIT
TRAMP
TRANK
TRANQ
TRAPT
TRAWL
TREKS
TREND
TRETS
TREYS TYERS TYRES
TRIAC
TRIAD
TRICK
TRIER
TRILL
TRIMS
TRIPE
TROCK
TROLL
TROMP
TRONA
TROOP
TROOZ
TROTH
TROUT TUTOR
TRUCK
TRUED
TRUER
TRUES
TRUGS
TRULL
TRULY
TRUMP
TRUNK
TRUTH
TRYMA
TRYST
TSKED
TUBAL
TUBBY
TUFAS
TUFTS
TUFTY
TULIP UPLIT
TULLE
TUMID
TUMMY
TUMOR
TUNER
TUNES UNSET
TUNNY
TUPIK
TUQUE
TURBO
TURFS
TURFY
TURKS
TUSHY
TUSKS
TUTEE
TUTTI
TUTTY
TUTUS
TUXES
TUYER
TWAIN WITAN
TWANG
TWATS WATTS
TWEAK
TWEEN
TWEET
TWERP
TWICE
TWIER WRITE
TWIGS
TWILL
TWINE
TWINS
TWINY
TWIRL
TWIRP
TWIST TWITS
TWIXT
TWYER
TYEES
TYING
TYIYN
TYNED
TYNES
TYPED
TYPEY
TYPIC
TYPPS
TYRED
TYTHE
TZARS
UHLAN
UKASE
ULAMA
ULEMA
ULNAD
ULNAE
ULPAN
ULTRA
ULVAS
UMBOS
UMIAC
UMIAK
UMPED
UNAIS
UNAPT
UNARM
UNARY
UNAUS
UNBAN
UNBID
UNBOX
UNCAP
UNCIA
UNCLE
UNCOY
UNCUS
UNCUT
UNDID
UNDUE
UNFED
UNFIT
UNFIX
UNGOT
UNHIP
UNIFY
UNION
UNITE UNTIE
UNITY
UNJAM
UNLAY YULAN
UNLED
UNLIT UNTIL
UNMAN
UNMET
UNMEW
UNMIX
UNPEG
UNPEN
UNPIN
UNSAY YUANS
UNSEW
UNWED
UNWET
UNWIT
UNWON
UNZIP
UPBOW
UPBYE
UPDOS
UPDRY
UPEND
UPPED
UPPER
URARE
URARI
URATE
URBIA
UREAL
UREDO
URGED
URGER
URIAL
URSID
USHER
USNEA
USQUE
USURP
USURY
UTERI
UTILE
UTTER
UVEAL VALUE
UVULA
VACUA
VAGAL
VAGUE
VAGUS
VAIRS
VAKIL
VALET
VALID
VALOR VOLAR
VALVE
VAMPS
VAMPY
VANDA
VANGS
VARAS
VARIA
VARIX
VARUS
VARVE
VASTS
VASTY
VATIC
VATUS
VAULT
VAUNT
VEENA VENAE
VEEPS
VEGES
VEGIE
VEINS VINES
VEINY
VELDS
VELDT
VELUM
VENDS
VENGE
VENIN
VENOM
VENTS
VENUE
VERBS
VERGE
VERST VERTS
VERTU
VERVE
VESTS
VETCH
VEXED
VEXER
VEXES
VEXIL
VIBES
VICAR
VICED
VICES
VIDEO
VIEWY
VIGAS
VIGIA
VIGIL
VIGOR
VILLA
VILLI
VILLS
VIMEN
VINCA
VINED
VINIC
VINOS
VINYL
VIOLA VOILA
VIOLS
VIPER
VIREO
VIRGA
VIRID
VIRLS
VIRTU
VIRUS
VISAS
VISES
VISIT
VISOR
VISTA
VITAE
VITAL
VITTA
VIVAS
VIVID
VIXEN
VIZIR
VIZOR
VOCAB
VOCAL
VODKA
VODOU
VODUN
VOGUE
VOICE
VOIDS
VOLTE
VOLTI
VOLTS
VOLVA
VOMIT
VOTED
VOUCH
VOWED
VOWEL
VOWER
VROOM
VROUW
VROWS
VUGGS
VUGGY
VUGHS
VULGO
VULVA
VYING
WACKE
WACKO
WACKS
WACKY
WADDY
WADIS
WAFER
WAFFS
WAFTS
WAGED
WAGER
WAHOO
WAIFS
WAIRS
WAIST WAITS
WAIVE
WAKED
WAKER WREAK
WALER
WALKS
WALLA
WALLS
WALLY
WALTZ
WAMES
WAMUS
WANEY
WANTS
WARKS
WARNS
WARPS WRAPS
WARTY
WASHY
WASPY YAWPS
WATAP
WATCH
WAUGH
WAUKS
WAULS
WAVED
WAVER
WAVES
WAVEY
WAWLS
WAXEN
WAXES
WAZOO
WEARY
WEAVE
WEBBY
WEBER
WECHT
WEDEL
WEDGE
WEDGY
WEEDY
WEEKS
WEENS
WEENY
WEEPY
WEFTS
WEIGH
WEIRD WIDER WIRED WRIED
WEIRS WIRES WISER WRIES
WELCH
WELDS
WELLY
WELSH
WELTS
WENCH
WENDS
WENNY
WETLY
WHACK
WHALE WHEAL
WHAMO
WHANG
WHARF
WHAUP
WHEAT
WHEEL
WHEEN
WHEEP
WHELK
WHELM
WHELP
WHEWS
WHEYS
WHICH
WHIDS
WHIFF
WHIGS
WHILE
WHIMS
WHINE
WHINS
WHINY
WHIPS
WHIPT
WHIRL
WHIRR
WHIRS
WHISH
WHISK
WHITE WITHE
WHITY WITHY
WHIZZ
WHOLE
WHOMP
WHOOF
WHOOP
WHOPS
WHORE
WHORL
WHOSO WOOSH
WHUMP
WHUPS
WICCA
WICKS
WIDDY
WIDES WISED
WIDOW
WIDTH
WIELD WILED
WIFED
WIFES
WIFEY
WIFTY
WIGGY
WIGHT
WILCO
WILDS
WILLY
WILTS
WIMPS
WIMPY
WINCE
WINCH
WINDS
WINDY
WINEY
WINGY
WINOS
WINZE WIZEN
WIPED
WIPER
WIRER WRIER
WIRRA
WISES
WISHA
WISPS
WISPY
WISTS
WITCH
WITED
WITES
WITTY
WIVED
WIVER
WIZES
WOADS
WOALD
WODGE
WOFUL
WOKEN
WOLDS
WOMAN
WOMBS
WOMBY
WOMEN
WOMYN
WONKY
WOODS
WOODY
WOOED
WOOER
WOOFS
WOOLS
WOOLY
WOOZY
WORKS
WORLD
WORMS
WORMY
WORRY
WOULD
WOUND
WOVEN
WOWED
WRACK
WRANG
WRAPT
WRECK
WRENS
WRICK
WRING
WRIST WRITS
WRUNG
WRYER
WRYLY
WURST
WUSHU
WUSSY
WYLED
WYLES
WYNDS
WYNNS
WYTED
XEBEC
XENIA
XENIC
XENON
XERIC
XEROX
XERUS
XYLAN
XYLEM
XYLOL
XYLYL
XYSTS
YABBY
YACHT
YAFFS
YAGIS
YAHOO
YAMUN
YANGS
YAPOK
YAPON
YARER
YARNS
YAUDS
YAULD
YAUPS
YAWED
YAWEY
YAWLS
YAWNS
YCLAD
YEAHS
YEANS
YEARN
YEAST
YECCH
YECHS
YECHY
YEGGS
YELKS
YELLS
YENTA
YESES
YETIS
YEUKS
YEUKY
YIELD
YINCE
YIPES
YIRDS
YIRRS
YIRTH
YLEMS
YOCKS
YODHS
YOGAS
YOGEE
YOGHS
YOGIC
YOGIN
YOGIS
YOKED
YOKEL
YOKES
YOLKS
YOLKY
YOMIM
YONIC
YOUNG
YOURN
YOURS
YOUSE
YOUTH
YOWED
YOWES
YOWIE
YOWLS
YUCCA
YUCCH
YUCKY
YUGAS
YUKKY
YULES
YUMMY
YUPON
YUPPY
YURTA
ZAIRE
ZAMIA
ZANZA
ZAPPY
ZARFS
ZAXES
ZAYIN
ZAZEN
ZEBEC
ZEBUS
ZEINS ZINES
ZERKS
ZEROS
ZESTS
ZESTY
ZETAS
ZIBET
ZILCH
ZILLS
ZINCS
ZINCY
ZINEB
ZINGS
ZINGY
ZINKY
ZIPPY
ZITIS
ZIZIT
ZLOTE
ZLOTY
ZOEAE
ZOEAS
ZOMBI
ZONAE
ZONER
ZONES
ZONKS
ZOOEY
ZOOID
ZOOKS
ZOONS
ZOOTY
ZORIL
ZORIS
ZOUKS
ZOWIE
ZUZIM
ZYMES
